"location","super_region","base","year","x50q30","diff","label","text"
"Africa","Africa",0.117415151359001,2015,0.117415151359001,1,"Africa",NA
"Algeria","Northern Africa",0.09912539605181,2015,0.09912539605181,1,"country",NA
"Angola","Central Africa",0.111612651272432,2015,0.111612651272432,1,"country",NA
"Benin","Western Africa",0.103201238382826,2015,0.103201238382826,1,"country",NA
"Botswana","Southern Africa",0.128077471657089,2015,0.128077471657089,1,"country",NA
"Burkina Faso","Western Africa",0.103718354692406,2015,0.103718354692406,1,"country",NA
"Burundi","Eastern Africa",0.116977961697513,2015,0.116977961697513,1,"country",NA
"Cameroon","Central Africa",0.107550119659577,2015,0.107550119659577,1,"country",NA
"Cape Verde","Western Africa",0.0633578271258421,2015,0.0633578271258421,1,"country",NA
"Central Africa","Central Africa",0.116042806456891,2015,0.116042806456891,1,"Central Africa",NA
"Central African Republic","Central Africa",0.182725958414061,2015,0.182725958414061,1,"country",NA
"Chad","Central Africa",0.113012777728131,2015,0.113012777728131,1,"country",NA
"Comoros","Eastern Africa",0.0964495949960222,2015,0.0964495949960222,1,"country",NA
"Congo","Central Africa",0.131290033013364,2015,0.131290033013364,1,"country",NA
"Cote d'Ivoire","Eastern Africa",0.106315222239723,2015,0.106315222239723,1,"country",NA
"Democratic Republic of the Congo","Eastern Africa",0.120863569888841,2015,0.120863569888841,1,"country",NA
"Djibouti","Eastern Africa",0.10205535587728,2015,0.10205535587728,1,"country",NA
"Eastern Africa","Eastern Africa",0.104936600422279,2015,0.104936600422279,1,"Eastern Africa",NA
"Egypt","Northern Africa",0.210821680558021,2015,0.210821680558021,1,"country",NA
"Equatorial Guinea","Central Africa",0.0760626012294384,2015,0.0760626012294384,1,"country",NA
"Eritrea","Eastern Africa",0.130236686297435,2015,0.130236686297435,1,"country",NA
"Ethiopia","Eastern Africa",0.0770888948929922,2015,0.0770888948929922,1,"country",NA
"Gabon","Central Africa",0.106263434567342,2015,0.106263434567342,1,"country",NA
"Ghana","Western Africa",0.111303069269228,2015,0.111303069269228,1,"country",NA
"Guinea","Western Africa",0.11848639175148,2015,0.11848639175148,1,"country",NA
"Guinea-Bissau","Western Africa",0.162761230680475,2015,0.162761230680475,1,"country",NA
"Kenya","Eastern Africa",0.0835861187924938,2015,0.0835861187924938,1,"country",NA
"Lesotho","Southern Africa",0.164840346107184,2015,0.164840346107184,1,"country",NA
"Liberia","Western Africa",0.0945107566315337,2015,0.0945107566315337,1,"country",NA
"Libya","Northern Africa",0.100463451527027,2015,0.100463451527027,1,"country",NA
"Madagascar","Eastern Africa",0.157304703297435,2015,0.157304703297435,1,"country",NA
"Malawi","Eastern Africa",0.0979999446906833,2015,0.0979999446906833,1,"country",NA
"Mali","Western Africa",0.0861447849086608,2015,0.0861447849086608,1,"country",NA
"Mauritania","Western Africa",0.0772011832315856,2015,0.0772011832315856,1,"country",NA
"Mauritius","Eastern Africa",0.0706462405581084,2015,0.0706462405581084,1,"country",NA
"Morocco","Northern Africa",0.15576872815578,2015,0.15576872815578,1,"country",NA
"Mozambique","Eastern Africa",0.151390225210915,2015,0.151390225210915,1,"country",NA
"Namibia","Southern Africa",0.106777972219721,2015,0.106777972219721,1,"country",NA
"Niger","Western Africa",0.0958376434241295,2015,0.0958376434241295,1,"country",NA
"Nigeria","Western Africa",0.0798125062666619,2015,0.0798125062666619,1,"country",NA
"Northern Africa","Northern Africa",0.164472179332722,2015,0.164472179332722,1,"Northern Africa",NA
"Rwanda","Eastern Africa",0.0830230408530636,2015,0.0830230408530636,1,"country",NA
"Sao Tome and Principe","Central Africa",0.101723658265552,2015,0.101723658265552,1,"country",NA
"Senegal","Western Africa",0.0898771644074722,2015,0.0898771644074722,1,"country",NA
"Seychelles","Eastern Africa",0.0852566672537841,2015,0.0852566672537841,1,"country",NA
"Sierra Leone","Western Africa",0.108145845219512,2015,0.108145845219512,1,"country",NA
"Somalia","Eastern Africa",0.146833834750696,2015,0.146833834750696,1,"country",NA
"South Africa","Southern Africa",0.0891211527989475,2015,0.0891211527989475,1,"country",NA
"Southern Africa","Southern Africa",0.0934673507715645,2015,0.0934673507715645,1,"Southern Africa",NA
"Sudan","Northern Africa",0.171451953084802,2015,0.171451953084802,1,"country",NA
"Swaziland","Southern Africa",0.131850648895182,2015,0.131850648895182,1,"country",NA
"Tanzania","Eastern Africa",0.0899404857332893,2015,0.0899404857332893,1,"country",NA
"The Gambia","Western Africa",0.106114263438405,2015,0.106114263438405,1,"country",NA
"Togo","Western Africa",0.111789877630157,2015,0.111789877630157,1,"country",NA
"Tunisia","Northern Africa",0.0953958878777298,2015,0.0953958878777298,1,"country",NA
"Uganda","Eastern Africa",0.0866123202244106,2015,0.0866123202244106,1,"country",NA
"Western Africa","Western Africa",0.0901867543883181,2015,0.0901867543883181,1,"Western Africa",NA
"Zambia","Eastern Africa",0.128602868692713,2015,0.128602868692713,1,"country",NA
"Zimbabwe","Eastern Africa",0.117376739960287,2015,0.117376739960287,1,"country",NA
"Africa","Africa",0.117415151359001,2016,0.116266888463768,0.990220487884721,"Africa",NA
"Algeria","Northern Africa",0.09912539605181,2016,0.0981695975109953,0.990357682502321,"country",NA
"Angola","Central Africa",0.111612651272432,2016,0.110280576754851,0.988065201369247,"country",NA
"Benin","Western Africa",0.103201238382826,2016,0.102488238762028,0.993091171850542,"country",NA
"Botswana","Southern Africa",0.128077471657089,2016,0.124872090527835,0.974973107387408,"country",NA
"Burkina Faso","Western Africa",0.103718354692406,2016,0.10586325673113,1.02068006231959,"country",NA
"Burundi","Eastern Africa",0.116977961697513,2016,0.115166363771566,0.984513339951749,"country",NA
"Cameroon","Central Africa",0.107550119659577,2016,0.104687788380209,0.973386070713563,"country",NA
"Cape Verde","Western Africa",0.0633578271258421,2016,0.0645838780252035,1.0193512144431,"country",NA
"Central Africa","Central Africa",0.116042806456891,2016,0.114257989223402,0.984619320335448,"Central Africa",NA
"Central African Republic","Central Africa",0.182725958414061,2016,0.181492576923242,0.993250102494885,"country",NA
"Chad","Central Africa",0.113012777728131,2016,0.11203187842188,0.991320456624734,"country",NA
"Comoros","Eastern Africa",0.0964495949960222,2016,0.0958896195551204,0.994194113091663,"country",NA
"Congo","Central Africa",0.131290033013364,2016,0.129436900602862,0.985885201123281,"country",NA
"Cote d'Ivoire","Eastern Africa",0.106315222239723,2016,0.102467020606929,0.963803850928163,"country",NA
"Democratic Republic of the Congo","Eastern Africa",0.120863569888841,2016,0.119085877904287,0.985291746833312,"country",NA
"Djibouti","Eastern Africa",0.10205535587728,2016,0.100447583089273,0.984246071416965,"country",NA
"Eastern Africa","Eastern Africa",0.104936600422279,2016,0.103702776452689,0.988242196101028,"Eastern Africa",NA
"Egypt","Northern Africa",0.210821680558021,2016,0.209020350852763,0.991455671444747,"country",NA
"Equatorial Guinea","Central Africa",0.0760626012294384,2016,0.0776548181645652,1.02093298032661,"country",NA
"Eritrea","Eastern Africa",0.130236686297435,2016,0.128616117879394,0.987556744077935,"country",NA
"Ethiopia","Eastern Africa",0.0770888948929922,2016,0.0759649621163053,0.985420302389248,"country",NA
"Gabon","Central Africa",0.106263434567342,2016,0.105323421817312,0.99115393969848,"country",NA
"Ghana","Western Africa",0.111303069269228,2016,0.111164303855786,0.998753265167323,"country",NA
"Guinea","Western Africa",0.11848639175148,2016,0.117444980023028,0.991210706030813,"country",NA
"Guinea-Bissau","Western Africa",0.162761230680475,2016,0.160599631002721,0.986719198001163,"country",NA
"Kenya","Eastern Africa",0.0835861187924938,2016,0.0822350961049765,0.983836757741183,"country",NA
"Lesotho","Southern Africa",0.164840346107184,2016,0.159703370378888,0.968836660140498,"country",NA
"Liberia","Western Africa",0.0945107566315337,2016,0.0928163524008541,0.982071837205943,"country",NA
"Libya","Northern Africa",0.100463451527027,2016,0.103496127124935,1.03018685454075,"country",NA
"Madagascar","Eastern Africa",0.157304703297435,2016,0.15646075596506,0.99463495169131,"country",NA
"Malawi","Eastern Africa",0.0979999446906833,2016,0.0969969572081086,0.989765428075083,"country",NA
"Mali","Western Africa",0.0861447849086608,2016,0.0874616237546204,1.01528634434871,"country",NA
"Mauritania","Western Africa",0.0772011832315856,2016,0.0746216377072025,0.966586709990635,"country",NA
"Mauritius","Eastern Africa",0.0706462405581084,2016,0.0706338785658859,0.999825015568771,"country",NA
"Morocco","Northern Africa",0.15576872815578,2016,0.155034046078066,0.995283507245566,"country",NA
"Mozambique","Eastern Africa",0.151390225210915,2016,0.14937107365502,0.98666260286566,"country",NA
"Namibia","Southern Africa",0.106777972219721,2016,0.10640679900062,0.996523878367558,"country",NA
"Niger","Western Africa",0.0958376434241295,2016,0.0974940593908478,1.01728356319643,"country",NA
"Nigeria","Western Africa",0.0798125062666619,2016,0.0787121545460659,0.986213291975576,"country",NA
"Northern Africa","Northern Africa",0.164472179332722,2016,0.162929530567822,0.990620609691208,"Northern Africa",NA
"Rwanda","Eastern Africa",0.0830230408530636,2016,0.0824284770358121,0.992838568532997,"country",NA
"Sao Tome and Principe","Central Africa",0.101723658265552,2016,0.101127363424404,0.994138090869766,"country",NA
"Senegal","Western Africa",0.0898771644074722,2016,0.0908337672222377,1.01064344676506,"country",NA
"Seychelles","Eastern Africa",0.0852566672537841,2016,0.0875793313455734,1.02724319594707,"country",NA
"Sierra Leone","Western Africa",0.108145845219512,2016,0.107704574126302,0.995919666702743,"country",NA
"Somalia","Eastern Africa",0.146833834750696,2016,0.146000910198286,0.994327434451167,"country",NA
"South Africa","Southern Africa",0.0891211527989475,2016,0.0869103144695959,0.975192889006506,"country",NA
"Southern Africa","Southern Africa",0.0934673507715645,2016,0.0911705331411778,0.975426524755151,"Southern Africa",NA
"Sudan","Northern Africa",0.171451953084802,2016,0.169681393306151,0.989673143135473,"country",NA
"Swaziland","Southern Africa",0.131850648895182,2016,0.128327537010111,0.973279525625454,"country",NA
"Tanzania","Eastern Africa",0.0899404857332893,2016,0.0896333576885215,0.996585208071052,"country",NA
"The Gambia","Western Africa",0.106114263438405,2016,0.111536443692594,1.05109756293353,"country",NA
"Togo","Western Africa",0.111789877630157,2016,0.112123579887583,1.00298508473666,"country",NA
"Tunisia","Northern Africa",0.0953958878777298,2016,0.0945727762453136,0.991371623549736,"country",NA
"Uganda","Eastern Africa",0.0866123202244106,2016,0.0862345356669426,0.995638212248683,"country",NA
"Western Africa","Western Africa",0.0901867543883181,2016,0.0897795820896869,0.995485231712874,"Western Africa",NA
"Zambia","Eastern Africa",0.128602868692713,2016,0.129595550922981,1.00771897423719,"country",NA
"Zimbabwe","Eastern Africa",0.117376739960287,2016,0.116285763281739,0.990705341800116,"country",NA
"Africa","Africa",0.117415151359001,2017,0.114333976483717,0.973758285539626,"Africa",NA
"Algeria","Northern Africa",0.09912539605181,2017,0.0973593147115875,0.982183361574672,"country",NA
"Angola","Central Africa",0.111612651272432,2017,0.109644004238438,0.982361793116187,"country",NA
"Benin","Western Africa",0.103201238382826,2017,0.10187081485064,0.987108453803131,"country",NA
"Botswana","Southern Africa",0.128077471657089,2017,0.123270354653873,0.96246711509042,"country",NA
"Burkina Faso","Western Africa",0.103718354692406,2017,0.106535606099419,1.02716251540403,"country",NA
"Burundi","Eastern Africa",0.116977961697513,2017,0.114004186595204,0.974578330318328,"country",NA
"Cameroon","Central Africa",0.107550119659577,2017,0.102403939003509,0.95215086071167,"country",NA
"Cape Verde","Western Africa",0.0633578271258421,2017,0.0655685556208727,1.03489274483229,"country",NA
"Central Africa","Central Africa",0.116042806456891,2017,0.112883098696096,0.972771188001476,"Central Africa",NA
"Central African Republic","Central Africa",0.182725958414061,2017,0.180165226280631,0.985985942251141,"country",NA
"Chad","Central Africa",0.113012777728131,2017,0.111099682450178,0.983071867478956,"country",NA
"Comoros","Eastern Africa",0.0964495949960222,2017,0.0951955417135308,0.986997837756155,"country",NA
"Congo","Central Africa",0.131290033013364,2017,0.128032034893264,0.975184726172108,"country",NA
"Cote d'Ivoire","Eastern Africa",0.106315222239723,2017,0.0994678975276934,0.935594126901317,"country",NA
"Democratic Republic of the Congo","Eastern Africa",0.120863569888841,2017,0.117595549114491,0.972961076879032,"country",NA
"Djibouti","Eastern Africa",0.10205535587728,2017,0.100092983577373,0.980771491284916,"country",NA
"Eastern Africa","Eastern Africa",0.104936600422279,2017,0.102361312043269,0.975458625792654,"Eastern Africa",NA
"Egypt","Northern Africa",0.210821680558021,2017,0.202183817780622,0.959027635324147,"country",NA
"Equatorial Guinea","Central Africa",0.0760626012294384,2017,0.0777565303268607,1.02227019678584,"country",NA
"Eritrea","Eastern Africa",0.130236686297435,2017,0.127452316161596,0.978620692717256,"country",NA
"Ethiopia","Eastern Africa",0.0770888948929922,2017,0.0750993051089401,0.974190967624924,"country",NA
"Gabon","Central Africa",0.106263434567342,2017,0.104296226273845,0.981487439197625,"country",NA
"Ghana","Western Africa",0.111303069269228,2017,0.110072719740002,0.988945951470126,"country",NA
"Guinea","Western Africa",0.11848639175148,2017,0.115496724212718,0.974767840470384,"country",NA
"Guinea-Bissau","Western Africa",0.162761230680475,2017,0.158119882346915,0.97148369845721,"country",NA
"Kenya","Eastern Africa",0.0835861187924938,2017,0.0810359462802056,0.969490478214223,"country",NA
"Lesotho","Southern Africa",0.164840346107184,2017,0.155189712499092,0.941454663036096,"country",NA
"Liberia","Western Africa",0.0945107566315337,2017,0.0907136932041347,0.959824007734881,"country",NA
"Libya","Northern Africa",0.100463451527027,2017,0.10502053051234,1.0453605656191,"country",NA
"Madagascar","Eastern Africa",0.157304703297435,2017,0.155320719465508,0.987387638193018,"country",NA
"Malawi","Eastern Africa",0.0979999446906833,2017,0.0952660242159208,0.972102836553719,"country",NA
"Mali","Western Africa",0.0861447849086608,2017,0.0878160731081954,1.01940092138261,"country",NA
"Mauritania","Western Africa",0.0772011832315856,2017,0.0753753679559084,0.976349905542247,"country",NA
"Mauritius","Eastern Africa",0.0706462405581084,2017,0.0700542115638088,0.991619808929356,"country",NA
"Morocco","Northern Africa",0.15576872815578,2017,0.154411281093788,0.991285496915433,"country",NA
"Mozambique","Eastern Africa",0.151390225210915,2017,0.147071462603957,0.971472645602179,"country",NA
"Namibia","Southern Africa",0.106777972219721,2017,0.105691793872329,0.989827692689677,"country",NA
"Niger","Western Africa",0.0958376434241295,2017,0.0983112590837651,1.02581048084299,"country",NA
"Nigeria","Western Africa",0.0798125062666619,2017,0.0773639493502526,0.969321137363755,"country",NA
"Northern Africa","Northern Africa",0.164472179332722,2017,0.159369867570183,0.968977660639998,"Northern Africa",NA
"Rwanda","Eastern Africa",0.0830230408530636,2017,0.0817705288181686,0.984913681527135,"country",NA
"Sao Tome and Principe","Central Africa",0.101723658265552,2017,0.100528580167962,0.988251719236542,"country",NA
"Senegal","Western Africa",0.0898771644074722,2017,0.0891127244938243,0.991494614692314,"country",NA
"Seychelles","Eastern Africa",0.0852566672537841,2017,0.0862212410294205,1.01131376356485,"country",NA
"Sierra Leone","Western Africa",0.108145845219512,2017,0.107422703475821,0.993313272995156,"country",NA
"Somalia","Eastern Africa",0.146833834750696,2017,0.145025300225089,0.987683121341358,"country",NA
"South Africa","Southern Africa",0.0891211527989475,2017,0.0838217482739483,0.940537073875667,"country",NA
"Southern Africa","Southern Africa",0.0934673507715645,2017,0.0881345756569775,0.942945049040488,"Southern Africa",NA
"Sudan","Northern Africa",0.171451953084802,2017,0.168045633424329,0.980132511766792,"country",NA
"Swaziland","Southern Africa",0.131850648895182,2017,0.125325266411351,0.95050928805805,"country",NA
"Tanzania","Eastern Africa",0.0899404857332893,2017,0.0891524051974487,0.991237755395523,"country",NA
"The Gambia","Western Africa",0.106114263438405,2017,0.11633323616422,1.09630159409953,"country",NA
"Togo","Western Africa",0.111789877630157,2017,0.11222739579116,1.00391375471804,"country",NA
"Tunisia","Northern Africa",0.0953958878777298,2017,0.0937501644339173,0.982748486539358,"country",NA
"Uganda","Eastern Africa",0.0866123202244106,2017,0.0843050840452607,0.973361339666553,"country",NA
"Western Africa","Western Africa",0.0901867543883181,2017,0.0888453631913507,0.985126516570363,"Western Africa",NA
"Zambia","Eastern Africa",0.128602868692713,2017,0.127731537024221,0.993224632721261,"country",NA
"Zimbabwe","Eastern Africa",0.117376739960287,2017,0.114886099623077,0.978780801562111,"country",NA
"Africa","Africa",0.117415151359001,2018,0.112497908814731,0.958120885700388,"Africa",NA
"Algeria","Northern Africa",0.09912539605181,2018,0.0960007335010316,0.968477679028437,"country",NA
"Angola","Central Africa",0.111612651272432,2018,0.109359155860777,0.979809677613026,"country",NA
"Benin","Western Africa",0.103201238382826,2018,0.0991290544904863,0.960541327253901,"country",NA
"Botswana","Southern Africa",0.128077471657089,2018,0.121605390770109,0.94946745275931,"country",NA
"Burkina Faso","Western Africa",0.103718354692406,2018,0.106264085300123,1.02454464897044,"country",NA
"Burundi","Eastern Africa",0.116977961697513,2018,0.114599291148977,0.979665652281696,"country",NA
"Cameroon","Central Africa",0.107550119659577,2018,0.100567639636939,0.93507696649024,"country",NA
"Cape Verde","Western Africa",0.0633578271258421,2018,0.0782263930097877,1.23467607016278,"country",NA
"Central Africa","Central Africa",0.116042806456891,2018,0.111888353590027,0.96419896248883,"Central Africa",NA
"Central African Republic","Central Africa",0.182725958414061,2018,0.178682173430564,0.977869674245551,"country",NA
"Chad","Central Africa",0.113012777728131,2018,0.11047055371012,0.977504985992586,"country",NA
"Comoros","Eastern Africa",0.0964495949960222,2018,0.0927525675216907,0.961668812870764,"country",NA
"Congo","Central Africa",0.131290033013364,2018,0.127350178107178,0.969991210941472,"country",NA
"Cote d'Ivoire","Eastern Africa",0.106315222239723,2018,0.0989900020869293,0.931099046792408,"country",NA
"Democratic Republic of the Congo","Eastern Africa",0.120863569888841,2018,0.117693734687873,0.973773443860017,"country",NA
"Djibouti","Eastern Africa",0.10205535587728,2018,0.100000362470123,0.979863933749563,"country",NA
"Eastern Africa","Eastern Africa",0.104936600422279,2018,0.101844941451465,0.970537839434732,"Eastern Africa",NA
"Egypt","Northern Africa",0.210821680558021,2018,0.199203318588938,0.944890098882,"country",NA
"Equatorial Guinea","Central Africa",0.0760626012294384,2018,0.0778711541224345,1.02377716333341,"country",NA
"Eritrea","Eastern Africa",0.130236686297435,2018,0.126586541660669,0.97197299209203,"country",NA
"Ethiopia","Eastern Africa",0.0770888948929922,2018,0.0746927945227989,0.96891769724395,"country",NA
"Gabon","Central Africa",0.106263434567342,2018,0.103034009820894,0.96960925684741,"country",NA
"Ghana","Western Africa",0.111303069269228,2018,0.10721134294667,0.963237974034114,"country",NA
"Guinea","Western Africa",0.11848639175148,2018,0.113979480278556,0.961962623670936,"country",NA
"Guinea-Bissau","Western Africa",0.162761230680475,2018,0.154595910065747,0.949832521045767,"country",NA
"Kenya","Eastern Africa",0.0835861187924938,2018,0.0803056730744488,0.960753702104666,"country",NA
"Lesotho","Southern Africa",0.164840346107184,2018,0.15236787759929,0.924336069400244,"country",NA
"Liberia","Western Africa",0.0945107566315337,2018,0.0899065118269667,0.951283378012543,"country",NA
"Libya","Northern Africa",0.100463451527027,2018,0.105600595063551,1.05113445196677,"country",NA
"Madagascar","Eastern Africa",0.157304703297435,2018,0.154813285978138,0.984161838348936,"country",NA
"Malawi","Eastern Africa",0.0979999446906833,2018,0.094489642008314,0.964180564657982,"country",NA
"Mali","Western Africa",0.0861447849086608,2018,0.0869914147746497,1.00982798746188,"country",NA
"Mauritania","Western Africa",0.0772011832315856,2018,0.0733600210400206,0.950244775652694,"country",NA
"Mauritius","Eastern Africa",0.0706462405581084,2018,0.0714076558342512,1.01077785980015,"country",NA
"Morocco","Northern Africa",0.15576872815578,2018,0.153795957457885,0.987335258358647,"country",NA
"Mozambique","Eastern Africa",0.151390225210915,2018,0.144761506661364,0.956214355713413,"country",NA
"Namibia","Southern Africa",0.106777972219721,2018,0.104806279052318,0.9815346449608,"country",NA
"Niger","Western Africa",0.0958376434241295,2018,0.0984880752238588,1.02765543584998,"country",NA
"Nigeria","Western Africa",0.0798125062666619,2018,0.0756809593721511,0.948234342112916,"country",NA
"Northern Africa","Northern Africa",0.164472179332722,2018,0.157357679257347,0.956743443759065,"Northern Africa",NA
"Rwanda","Eastern Africa",0.0830230408530636,2018,0.0822691538068542,0.990919544279959,"country",NA
"Sao Tome and Principe","Central Africa",0.101723658265552,2018,0.0997108620110227,0.98021309605997,"country",NA
"Senegal","Western Africa",0.0898771644074722,2018,0.0869928582421883,0.967908353759277,"country",NA
"Seychelles","Eastern Africa",0.0852566672537841,2018,0.0858247667381559,1.00666340243726,"country",NA
"Sierra Leone","Western Africa",0.108145845219512,2018,0.107448215721351,0.993549178919041,"country",NA
"Somalia","Eastern Africa",0.146833834750696,2018,0.144352614949115,0.983101852472938,"country",NA
"South Africa","Southern Africa",0.0891211527989475,2018,0.0746933349965544,0.838110063107672,"country",NA
"Southern Africa","Southern Africa",0.0934673507715645,2018,0.0796990504331844,0.852694013206493,"Southern Africa",NA
"Sudan","Northern Africa",0.171451953084802,2018,0.166873544017982,0.973296255980499,"country",NA
"Swaziland","Southern Africa",0.131850648895182,2018,0.123366994795563,0.935657092545955,"country",NA
"Tanzania","Eastern Africa",0.0899404857332893,2018,0.0886569521147108,0.985729078422095,"country",NA
"The Gambia","Western Africa",0.106114263438405,2018,0.114714946947042,1.08105115401031,"country",NA
"Togo","Western Africa",0.111789877630157,2018,0.110557739704132,0.988978090394727,"country",NA
"Tunisia","Northern Africa",0.0953958878777298,2018,0.0930756054630518,0.975677332993096,"country",NA
"Uganda","Eastern Africa",0.0866123202244106,2018,0.0840782065914474,0.970741880296044,"country",NA
"Western Africa","Western Africa",0.0901867543883181,2018,0.0872582863250037,0.967528845192662,"Western Africa",NA
"Zambia","Eastern Africa",0.128602868692713,2018,0.125688822179745,0.977340734755063,"country",NA
"Zimbabwe","Eastern Africa",0.117376739960287,2018,0.113627017126988,0.968053953154877,"country",NA
"Africa","Africa",0.117415151359001,2019,0.110784224437488,0.943525798461573,"Africa",NA
"Algeria","Northern Africa",0.09912539605181,2019,0.0952935687416165,0.961343636819461,"country",NA
"Angola","Central Africa",0.111612651272432,2019,0.109181562403828,0.97821851877105,"country",NA
"Benin","Western Africa",0.103201238382826,2019,0.0979220667858387,0.948845850304582,"country",NA
"Botswana","Southern Africa",0.128077471657089,2019,0.119580497721088,0.933657544718321,"country",NA
"Burkina Faso","Western Africa",0.103718354692406,2019,0.104278461911396,1.00540027096121,"country",NA
"Burundi","Eastern Africa",0.116977961697513,2019,0.114068185097896,0.97512542912022,"country",NA
"Cameroon","Central Africa",0.107550119659577,2019,0.0983165517915937,0.914146372898425,"country",NA
"Cape Verde","Western Africa",0.0633578271258421,2019,0.0774041986419349,1.22169907260541,"country",NA
"Central Africa","Central Africa",0.116042806456891,2019,0.110584268128796,0.95296099349232,"Central Africa",NA
"Central African Republic","Central Africa",0.182725958414061,2019,0.176748093701381,0.967285082182282,"country",NA
"Chad","Central Africa",0.113012777728131,2019,0.109037488450146,0.964824426424168,"country",NA
"Comoros","Eastern Africa",0.0964495949960222,2019,0.0916904308385362,0.950656463019028,"country",NA
"Congo","Central Africa",0.131290033013364,2019,0.126547539637815,0.963877734914833,"country",NA
"Cote d'Ivoire","Eastern Africa",0.106315222239723,2019,0.0957968245989548,0.901064048786436,"country",NA
"Democratic Republic of the Congo","Eastern Africa",0.120863569888841,2019,0.11711689694262,0.969000808517678,"country",NA
"Djibouti","Eastern Africa",0.10205535587728,2019,0.0992569966210988,0.972579986301292,"country",NA
"Eastern Africa","Eastern Africa",0.104936600422279,2019,0.100886938573982,0.961408490155002,"Eastern Africa",NA
"Egypt","Northern Africa",0.210821680558021,2019,0.195741953169662,0.928471647942258,"country",NA
"Equatorial Guinea","Central Africa",0.0760626012294384,2019,0.0772550546913406,1.01567726376206,"country",NA
"Eritrea","Eastern Africa",0.130236686297435,2019,0.125583435961845,0.96427081747947,"country",NA
"Ethiopia","Eastern Africa",0.0770888948929922,2019,0.0741589390678888,0.961992504508328,"country",NA
"Gabon","Central Africa",0.106263434567342,2019,0.101819896283858,0.958183750585737,"country",NA
"Ghana","Western Africa",0.111303069269228,2019,0.105535788422179,0.948183990927523,"country",NA
"Guinea","Western Africa",0.11848639175148,2019,0.111178601392563,0.938323800304045,"country",NA
"Guinea-Bissau","Western Africa",0.162761230680475,2019,0.152234744572201,0.935325592806931,"country",NA
"Kenya","Eastern Africa",0.0835861187924938,2019,0.0796561943403945,0.95298352754175,"country",NA
"Lesotho","Southern Africa",0.164840346107184,2019,0.150774287727492,0.914668594722886,"country",NA
"Liberia","Western Africa",0.0945107566315337,2019,0.0898034373298834,0.950192766734451,"country",NA
"Libya","Northern Africa",0.100463451527027,2019,0.105713387395156,1.05225717201958,"country",NA
"Madagascar","Eastern Africa",0.157304703297435,2019,0.15365153806611,0.976776503469081,"country",NA
"Malawi","Eastern Africa",0.0979999446906833,2019,0.0937869076239555,0.957009801586874,"country",NA
"Mali","Western Africa",0.0861447849086608,2019,0.0858332538195593,0.996383633792436,"country",NA
"Mauritania","Western Africa",0.0772011832315856,2019,0.071947456618378,0.931947589489041,"country",NA
"Mauritius","Eastern Africa",0.0706462405581084,2019,0.0712508761636447,1.00855863809255,"country",NA
"Morocco","Northern Africa",0.15576872815578,2019,0.152702349876962,0.98031454506227,"country",NA
"Mozambique","Eastern Africa",0.151390225210915,2019,0.142404353778599,0.940644308971752,"country",NA
"Namibia","Southern Africa",0.106777972219721,2019,0.103619028503683,0.970415773493642,"country",NA
"Niger","Western Africa",0.0958376434241295,2019,0.0968010459485427,1.01005244379966,"country",NA
"Nigeria","Western Africa",0.0798125062666619,2019,0.0744688210403986,0.933047018866824,"country",NA
"Northern Africa","Northern Africa",0.164472179332722,2019,0.155170478493453,0.943445141439685,"Northern Africa",NA
"Rwanda","Eastern Africa",0.0830230408530636,2019,0.0822641219183815,0.990858935942551,"country",NA
"Sao Tome and Principe","Central Africa",0.101723658265552,2019,0.0985638333116702,0.96893716754039,"country",NA
"Senegal","Western Africa",0.0898771644074722,2019,0.0868632184583321,0.966465943056727,"country",NA
"Seychelles","Eastern Africa",0.0852566672537841,2019,0.0864462499301031,1.01395295775259,"country",NA
"Sierra Leone","Western Africa",0.108145845219512,2019,0.10625645901028,0.982529276040183,"country",NA
"Somalia","Eastern Africa",0.146833834750696,2019,0.142807820660493,0.972581155446643,"country",NA
"South Africa","Southern Africa",0.0891211527989475,2019,0.0701945483291162,0.78763061433318,"country",NA
"Southern Africa","Southern Africa",0.0934673507715645,2019,0.0754517414431695,0.807252380861575,"Southern Africa",NA
"Sudan","Northern Africa",0.171451953084802,2019,0.165716594226727,0.966548302571751,"country",NA
"Swaziland","Southern Africa",0.131850648895182,2019,0.122296803339922,0.927540397902361,"country",NA
"Tanzania","Eastern Africa",0.0899404857332893,2019,0.0879245871773738,0.97758630566113,"country",NA
"The Gambia","Western Africa",0.106114263438405,2019,0.114254261088243,1.07670974085933,"country",NA
"Togo","Western Africa",0.111789877630157,2019,0.108727345333104,0.972604565261401,"country",NA
"Tunisia","Northern Africa",0.0953958878777298,2019,0.0920486453266411,0.964912087663791,"country",NA
"Uganda","Eastern Africa",0.0866123202244106,2019,0.0830881423882583,0.959310894489131,"country",NA
"Western Africa","Western Africa",0.0901867543883181,2019,0.0858675317787563,0.952108015873766,"Western Africa",NA
"Zambia","Eastern Africa",0.128602868692713,2019,0.123647261930072,0.961465814775231,"country",NA
"Zimbabwe","Eastern Africa",0.117376739960287,2019,0.112784483693045,0.960875925939027,"country",NA
"Africa","Africa",0.117415151359001,2020,0.107011512287776,0.911394407358763,"Africa",NA
"Algeria","Northern Africa",0.09912539605181,2020,0.076885072036596,0.775634449888204,"country",NA
"Angola","Central Africa",0.111612651272432,2020,0.104307602029532,0.934549989095145,"country",NA
"Benin","Western Africa",0.103201238382826,2020,0.100087053326883,0.969824150322777,"country",NA
"Botswana","Southern Africa",0.128077471657089,2020,0.106402525369927,0.83076691000589,"country",NA
"Burkina Faso","Western Africa",0.103718354692406,2020,0.0971784809727396,0.936945840116133,"country",NA
"Burundi","Eastern Africa",0.116977961697513,2020,0.116938427872289,0.999662040399313,"country",NA
"Cameroon","Central Africa",0.107550119659577,2020,0.0947363954925768,0.880858113337682,"country",NA
"Cape Verde","Western Africa",0.0633578271258421,2020,0.0654710205931718,1.03335331344512,"country",NA
"Central Africa","Central Africa",0.116042806456891,2020,0.107006790978207,0.922132049761814,"Central Africa",NA
"Central African Republic","Central Africa",0.182725958414061,2020,0.178343462427246,0.976016018605936,"country",NA
"Chad","Central Africa",0.113012777728131,2020,0.105669787148687,0.935025129661812,"country",NA
"Comoros","Eastern Africa",0.0964495949960222,2020,0.0971617138794251,1.0073833268396,"country",NA
"Congo","Central Africa",0.131290033013364,2020,0.124524320340639,0.948467431095579,"country",NA
"Cote d'Ivoire","Eastern Africa",0.106315222239723,2020,0.0907086931711902,0.853205131497135,"country",NA
"Democratic Republic of the Congo","Eastern Africa",0.120863569888841,2020,0.11583643634279,0.958406544249234,"country",NA
"Djibouti","Eastern Africa",0.10205535587728,2020,0.0976605047838122,0.956936595285083,"country",NA
"Eastern Africa","Eastern Africa",0.104936600422279,2020,0.0991757591870661,0.945101697481807,"Eastern Africa",NA
"Egypt","Northern Africa",0.210821680558021,2020,0.195300432618818,0.926377363570388,"country",NA
"Equatorial Guinea","Central Africa",0.0760626012294384,2020,0.0775177318413998,1.01913069745764,"country",NA
"Eritrea","Eastern Africa",0.130236686297435,2020,0.13738532821222,1.05488961764935,"country",NA
"Ethiopia","Eastern Africa",0.0770888948929922,2020,0.073111991402977,0.948411460619125,"country",NA
"Gabon","Central Africa",0.106263434567342,2020,0.0969470463509403,0.912327431779956,"country",NA
"Ghana","Western Africa",0.111303069269228,2020,0.10179075643982,0.914536832704956,"country",NA
"Guinea","Western Africa",0.11848639175148,2020,0.110541868599625,0.932949910665532,"country",NA
"Guinea-Bissau","Western Africa",0.162761230680475,2020,0.1476805106895,0.907344519773378,"country",NA
"Kenya","Eastern Africa",0.0835861187924938,2020,0.0786827822104623,0.941337908101653,"country",NA
"Lesotho","Southern Africa",0.164840346107184,2020,0.149885087841385,0.909274284973445,"country",NA
"Liberia","Western Africa",0.0945107566315337,2020,0.0882480647167529,0.933735670541746,"country",NA
"Libya","Northern Africa",0.100463451527027,2020,0.0980242138375493,0.975720148448002,"country",NA
"Madagascar","Eastern Africa",0.157304703297435,2020,0.144063333888509,0.915823436099749,"country",NA
"Malawi","Eastern Africa",0.0979999446906833,2020,0.0849068736918768,0.86639715930318,"country",NA
"Mali","Western Africa",0.0861447849086608,2020,0.0842790744066596,0.978342153805602,"country",NA
"Mauritania","Western Africa",0.0772011832315856,2020,0.0723712313257245,0.937436815037247,"country",NA
"Mauritius","Eastern Africa",0.0706462405581084,2020,0.0642139792651891,0.908951116972338,"country",NA
"Morocco","Northern Africa",0.15576872815578,2020,0.142682761252114,0.915991052513574,"country",NA
"Mozambique","Eastern Africa",0.151390225210915,2020,0.148671801567084,0.982043598653454,"country",NA
"Namibia","Southern Africa",0.106777972219721,2020,0.0963856898743376,0.902673911769002,"country",NA
"Niger","Western Africa",0.0958376434241295,2020,0.0930059312950555,0.970453028393632,"country",NA
"Nigeria","Western Africa",0.0798125062666619,2020,0.070980557439087,0.889341291976643,"country",NA
"Northern Africa","Northern Africa",0.164472179332722,2020,0.147636573468855,0.897638579775799,"Northern Africa",NA
"Rwanda","Eastern Africa",0.0830230408530636,2020,0.0798962168109709,0.962337876209249,"country",NA
"Sao Tome and Principe","Central Africa",0.101723658265552,2020,0.0922932804532223,0.90729415385641,"country",NA
"Senegal","Western Africa",0.0898771644074722,2020,0.079733815150963,0.887142086386674,"country",NA
"Seychelles","Eastern Africa",0.0852566672537841,2020,0.0726068941441599,0.851627168676796,"country",NA
"Sierra Leone","Western Africa",0.108145845219512,2020,0.101111832401803,0.934958085505445,"country",NA
"Somalia","Eastern Africa",0.146833834750696,2020,0.139181914522809,0.947887213864029,"country",NA
"South Africa","Southern Africa",0.0891211527989475,2020,0.071791536721303,0.805549911178335,"country",NA
"Southern Africa","Southern Africa",0.0934673507715645,2020,0.076079413366416,0.813967794512065,"Southern Africa",NA
"Sudan","Northern Africa",0.171451953084802,2020,0.155495285208438,0.906932131193214,"country",NA
"Swaziland","Southern Africa",0.131850648895182,2020,0.117741057347718,0.89298807654196,"country",NA
"Tanzania","Eastern Africa",0.0899404857332893,2020,0.086422744322071,0.960888120821919,"country",NA
"The Gambia","Western Africa",0.106114263438405,2020,0.10485592321376,0.988141648597735,"country",NA
"Togo","Western Africa",0.111789877630157,2020,0.107010276218363,0.957244774633298,"country",NA
"Tunisia","Northern Africa",0.0953958878777298,2020,0.0823441714515858,0.86318365794894,"country",NA
"Uganda","Eastern Africa",0.0866123202244106,2020,0.0805029774763621,0.929463351954788,"country",NA
"Western Africa","Western Africa",0.0901867543883181,2020,0.0821839408555881,0.911263981202026,"Western Africa",NA
"Zambia","Eastern Africa",0.128602868692713,2020,0.122990211214857,0.956356669684659,"country",NA
"Zimbabwe","Eastern Africa",0.117376739960287,2020,0.113291772818945,0.965197813955949,"country",NA
"Africa","Africa",0.117415151359001,2021,0.105802424062706,0.901096858779423,"Africa",NA
"Algeria","Northern Africa",0.09912539605181,2021,0.075309988595052,0.759744642590781,"country",NA
"Angola","Central Africa",0.111612651272432,2021,0.10296815959428,0.922549177180175,"country",NA
"Benin","Western Africa",0.103201238382826,2021,0.0995650393587203,0.964765936135209,"country",NA
"Botswana","Southern Africa",0.128077471657089,2021,0.105106567665015,0.82064836465873,"country",NA
"Burkina Faso","Western Africa",0.103718354692406,2021,0.0970639806448058,0.935841885774847,"country",NA
"Burundi","Eastern Africa",0.116977961697513,2021,0.116335892958493,0.994511199120729,"country",NA
"Cameroon","Central Africa",0.107550119659577,2021,0.0936549944501236,0.870803256626447,"country",NA
"Cape Verde","Western Africa",0.0633578271258421,2021,0.066534787600311,1.05014314124376,"country",NA
"Central Africa","Central Africa",0.116042806456891,2021,0.105947153475131,0.913000613394243,"Central Africa",NA
"Central African Republic","Central Africa",0.182725958414061,2021,0.178162943105915,0.975028094816143,"country",NA
"Chad","Central Africa",0.113012777728131,2021,0.104889650061304,0.928122042213948,"country",NA
"Comoros","Eastern Africa",0.0964495949960222,2021,0.0971063978719426,1.00680980439521,"country",NA
"Congo","Central Africa",0.131290033013364,2021,0.124066500331539,0.94498034225424,"country",NA
"Cote d'Ivoire","Eastern Africa",0.106315222239723,2021,0.0884780692515049,0.832223903478295,"country",NA
"Democratic Republic of the Congo","Eastern Africa",0.120863569888841,2021,0.114564628267021,0.947883869162446,"country",NA
"Djibouti","Eastern Africa",0.10205535587728,2021,0.0975528962970788,0.955882182355861,"country",NA
"Eastern Africa","Eastern Africa",0.104936600422279,2021,0.098189390131029,0.935702030901531,"Eastern Africa",NA
"Egypt","Northern Africa",0.210821680558021,2021,0.194366095846951,0.921945481757312,"country",NA
"Equatorial Guinea","Central Africa",0.0760626012294384,2021,0.0773819151972392,1.0173451071417,"country",NA
"Eritrea","Eastern Africa",0.130236686297435,2021,0.138027150353134,1.05981773858947,"country",NA
"Ethiopia","Eastern Africa",0.0770888948929922,2021,0.0719247976734525,0.933011139584916,"country",NA
"Gabon","Central Africa",0.106263434567342,2021,0.095044382420403,0.894422270533436,"country",NA
"Ghana","Western Africa",0.111303069269228,2021,0.100901303568027,0.906545562763945,"country",NA
"Guinea","Western Africa",0.11848639175148,2021,0.109826846821862,0.92691527861038,"country",NA
"Guinea-Bissau","Western Africa",0.162761230680475,2021,0.145647535969803,0.894853985564482,"country",NA
"Kenya","Eastern Africa",0.0835861187924938,2021,0.0779480446681081,0.932547721968256,"country",NA
"Lesotho","Southern Africa",0.164840346107184,2021,0.150804635689545,0.914852699905685,"country",NA
"Liberia","Western Africa",0.0945107566315337,2021,0.086746239602145,0.917845150053554,"country",NA
"Libya","Northern Africa",0.100463451527027,2021,0.0988399747041712,0.983840124959086,"country",NA
"Madagascar","Eastern Africa",0.157304703297435,2021,0.142303244968136,0.904634394173616,"country",NA
"Malawi","Eastern Africa",0.0979999446906833,2021,0.0834911510553979,0.851951001798222,"country",NA
"Mali","Western Africa",0.0861447849086608,2021,0.0839016436616874,0.973960800420457,"country",NA
"Mauritania","Western Africa",0.0772011832315856,2021,0.0712203816299305,0.922529664037478,"country",NA
"Mauritius","Eastern Africa",0.0706462405581084,2021,0.0628657030845295,0.889866220592741,"country",NA
"Morocco","Northern Africa",0.15576872815578,2021,0.141966036969653,0.911389844742625,"country",NA
"Mozambique","Eastern Africa",0.151390225210915,2021,0.148152078135738,0.978610593447065,"country",NA
"Namibia","Southern Africa",0.106777972219721,2021,0.095520487705137,0.894571096635744,"country",NA
"Niger","Western Africa",0.0958376434241295,2021,0.0927825659738558,0.968122364645869,"country",NA
"Nigeria","Western Africa",0.0798125062666619,2021,0.0696777602850472,0.873018071281292,"country",NA
"Northern Africa","Northern Africa",0.164472179332722,2021,0.146330263857836,0.889696144670245,"Northern Africa",NA
"Rwanda","Eastern Africa",0.0830230408530636,2021,0.0793698816090773,0.955998248119438,"country",NA
"Sao Tome and Principe","Central Africa",0.101723658265552,2021,0.0920678809733508,0.905078351911075,"country",NA
"Senegal","Western Africa",0.0898771644074722,2021,0.0784323975961484,0.872662128508671,"country",NA
"Seychelles","Eastern Africa",0.0852566672537841,2021,0.0712479782339006,0.835688052663568,"country",NA
"Sierra Leone","Western Africa",0.108145845219512,2021,0.10036379183547,0.928041124758458,"country",NA
"Somalia","Eastern Africa",0.146833834750696,2021,0.138997876388186,0.946633836977598,"country",NA
"South Africa","Southern Africa",0.0891211527989475,2021,0.0698137919724831,0.78335826882737,"country",NA
"Southern Africa","Southern Africa",0.0934673507715645,2021,0.0741672105255803,0.793509283330881,"Southern Africa",NA
"Sudan","Northern Africa",0.171451953084802,2021,0.152809774424873,0.891268787992704,"country",NA
"Swaziland","Southern Africa",0.131850648895182,2021,0.115513691019269,0.87609497554388,"country",NA
"Tanzania","Eastern Africa",0.0899404857332893,2021,0.0857243997764178,0.953123602541197,"country",NA
"The Gambia","Western Africa",0.106114263438405,2021,0.104990308775535,0.989408071766696,"country",NA
"Togo","Western Africa",0.111789877630157,2021,0.10591587547629,0.947454972861676,"country",NA
"Tunisia","Northern Africa",0.0953958878777298,2021,0.0807726849023014,0.846710342544627,"country",NA
"Uganda","Eastern Africa",0.0866123202244106,2021,0.0792520162286715,0.915020126736373,"country",NA
"Western Africa","Western Africa",0.0901867543883181,2021,0.0810807277161141,0.899031440548397,"Western Africa",NA
"Zambia","Eastern Africa",0.128602868692713,2021,0.123758020428851,0.962327059161963,"country",NA
"Zimbabwe","Eastern Africa",0.117376739960287,2021,0.112935834622189,0.962165371609398,"country",NA
"Africa","Africa",0.117415151359001,2022,0.104706425577956,0.89176247158948,"Africa",NA
"Algeria","Northern Africa",0.09912539605181,2022,0.073885970677704,0.745378819360135,"country",NA
"Angola","Central Africa",0.111612651272432,2022,0.101796908361106,0.912055284061237,"country",NA
"Benin","Western Africa",0.103201238382826,2022,0.0990964561211243,0.960225455372199,"country",NA
"Botswana","Southern Africa",0.128077471657089,2022,0.103952923131969,0.811640968446736,"country",NA
"Burkina Faso","Western Africa",0.103718354692406,2022,0.0969711033045423,0.934946409361448,"country",NA
"Burundi","Eastern Africa",0.116977961697513,2022,0.11574878762516,0.989492259443435,"country",NA
"Cameroon","Central Africa",0.107550119659577,2022,0.0926519447599115,0.861476910050664,"country",NA
"Cape Verde","Western Africa",0.0633578271258421,2022,0.0677188307008152,1.06883133107313,"country",NA
"Central Africa","Central Africa",0.116042806456891,2022,0.104998271616665,0.904823614858628,"Central Africa",NA
"Central African Republic","Central Africa",0.182725958414061,2022,0.178046184338946,0.974389111893392,"country",NA
"Chad","Central Africa",0.113012777728131,2022,0.104172201609332,0.921773658726755,"country",NA
"Comoros","Eastern Africa",0.0964495949960222,2022,0.0970727707469028,1.00646115466743,"country",NA
"Congo","Central Africa",0.131290033013364,2022,0.123647013514326,0.941785226771483,"country",NA
"Cote d'Ivoire","Eastern Africa",0.106315222239723,2022,0.0864496175482768,0.813144305463119,"country",NA
"Democratic Republic of the Congo","Eastern Africa",0.120863569888841,2022,0.113524478243063,0.939277884539337,"country",NA
"Djibouti","Eastern Africa",0.10205535587728,2022,0.0973921494392613,0.95430708758072,"country",NA
"Eastern Africa","Eastern Africa",0.104936600422279,2022,0.0973275555796639,0.927489123794792,"Eastern Africa",NA
"Egypt","Northern Africa",0.210821680558021,2022,0.193478553301156,0.917735561110416,"country",NA
"Equatorial Guinea","Central Africa",0.0760626012294384,2022,0.0773175125039636,1.01649840071522,"country",NA
"Eritrea","Eastern Africa",0.130236686297435,2022,0.13858424627297,1.06409530381072,"country",NA
"Ethiopia","Eastern Africa",0.0770888948929922,2022,0.0709456585739753,0.920309710918228,"country",NA
"Gabon","Central Africa",0.106263434567342,2022,0.0933778176015578,0.878738937638817,"country",NA
"Ghana","Western Africa",0.111303069269228,2022,0.100111792998944,0.899452222263399,"country",NA
"Guinea","Western Africa",0.11848639175148,2022,0.109243001262232,0.921987745996724,"country",NA
"Guinea-Bissau","Western Africa",0.162761230680475,2022,0.143834872484252,0.883717036808487,"country",NA
"Kenya","Eastern Africa",0.0835861187924938,2022,0.0772972955229925,0.924762348577117,"country",NA
"Lesotho","Southern Africa",0.164840346107184,2022,0.151458025558052,0.918816473847792,"country",NA
"Liberia","Western Africa",0.0945107566315337,2022,0.0854506148799391,0.904136395956313,"country",NA
"Libya","Northern Africa",0.100463451527027,2022,0.0992852327708759,0.988272165267644,"country",NA
"Madagascar","Eastern Africa",0.157304703297435,2022,0.140751085120906,0.894767175872487,"country",NA
"Malawi","Eastern Africa",0.0979999446906833,2022,0.08226522132859,0.83944150772986,"country",NA
"Mali","Western Africa",0.0861447849086608,2022,0.0835719699068272,0.970133827549032,"country",NA
"Mauritania","Western Africa",0.0772011832315856,2022,0.0701712898922474,0.908940601101279,"country",NA
"Mauritius","Eastern Africa",0.0706462405581084,2022,0.0616318161221611,0.87240050758918,"country",NA
"Morocco","Northern Africa",0.15576872815578,2022,0.141420523582215,0.907887772189961,"country",NA
"Mozambique","Eastern Africa",0.151390225210915,2022,0.147672155485287,0.975440490160789,"country",NA
"Namibia","Southern Africa",0.106777972219721,2022,0.0947648616815597,0.887494487032947,"country",NA
"Niger","Western Africa",0.0958376434241295,2022,0.0926211047107351,0.966437627236309,"country",NA
"Nigeria","Western Africa",0.0798125062666619,2022,0.0685671053266125,0.859102270232219,"country",NA
"Northern Africa","Northern Africa",0.164472179332722,2022,0.145126975615012,0.882380085214441,"Northern Africa",NA
"Rwanda","Eastern Africa",0.0830230408530636,2022,0.0789519881641603,0.950964784629988,"country",NA
"Sao Tome and Principe","Central Africa",0.101723658265552,2022,0.0918620913959944,0.903055326187607,"country",NA
"Senegal","Western Africa",0.0898771644074722,2022,0.0773172047649225,0.860254162162848,"country",NA
"Seychelles","Eastern Africa",0.0852566672537841,2022,0.0699811378769494,0.820828917328378,"country",NA
"Sierra Leone","Western Africa",0.108145845219512,2022,0.0996254246812801,0.921213611850396,"country",NA
"Somalia","Eastern Africa",0.146833834750696,2022,0.138559867790335,0.943650814715768,"country",NA
"South Africa","Southern Africa",0.0891211527989475,2022,0.0680327527368954,0.763373796234139,"country",NA
"Southern Africa","Southern Africa",0.0934673507715645,2022,0.0724457925369376,0.775091964615496,"Southern Africa",NA
"Sudan","Northern Africa",0.171451953084802,2022,0.150406804452294,0.877253374756843,"country",NA
"Swaziland","Southern Africa",0.131850648895182,2022,0.113532541961609,0.861069269760399,"country",NA
"Tanzania","Eastern Africa",0.0899404857332893,2022,0.0851355765973985,0.946576793568367,"country",NA
"The Gambia","Western Africa",0.106114263438405,2022,0.105132061589306,0.990743922473071,"country",NA
"Togo","Western Africa",0.111789877630157,2022,0.104913091912231,0.938484719156088,"country",NA
"Tunisia","Northern Africa",0.0953958878777298,2022,0.0793417468860361,0.83171034570934,"country",NA
"Uganda","Eastern Africa",0.0866123202244106,2022,0.0781831232142101,0.902679007000844,"country",NA
"Western Africa","Western Africa",0.0901867543883181,2022,0.0801142332228073,0.888314850292301,"Western Africa",NA
"Zambia","Eastern Africa",0.128602868692713,2022,0.124388520161087,0.967229747092999,"country",NA
"Zimbabwe","Eastern Africa",0.117376739960287,2022,0.112630167487216,0.959561217370008,"country",NA
"Africa","Africa",0.117415151359001,2023,0.103500555327193,0.881492329816413,"Africa",NA
"Algeria","Northern Africa",0.09912539605181,2023,0.0725057652408677,0.731454986600719,"country",NA
"Angola","Central Africa",0.111612651272432,2023,0.100514614630324,0.90056649926701,"country",NA
"Benin","Western Africa",0.103201238382826,2023,0.0984407425854239,0.953871718285557,"country",NA
"Botswana","Southern Africa",0.128077471657089,2023,0.102647455707569,0.801448173355533,"country",NA
"Burkina Faso","Western Africa",0.103718354692406,2023,0.0966641610625687,0.93198702726477,"country",NA
"Burundi","Eastern Africa",0.116977961697513,2023,0.114751960127834,0.980970761181192,"country",NA
"Cameroon","Central Africa",0.107550119659577,2023,0.0914671272140105,0.850460487664049,"country",NA
"Cape Verde","Western Africa",0.0633578271258421,2023,0.0689085008607654,1.08760833486127,"country",NA
"Central Africa","Central Africa",0.116042806456891,2023,0.103884945449047,0.895229515908332,"Central Africa",NA
"Central African Republic","Central Africa",0.182725958414061,2023,0.177629720327574,0.972109939218712,"country",NA
"Chad","Central Africa",0.113012777728131,2023,0.103249796983001,0.913611708858129,"country",NA
"Comoros","Eastern Africa",0.0964495949960222,2023,0.0966969585650466,1.00256469266703,"country",NA
"Congo","Central Africa",0.131290033013364,2023,0.122993335611585,0.936806342329623,"country",NA
"Cote d'Ivoire","Eastern Africa",0.106315222239723,2023,0.0843836420669495,0.793711759137166,"country",NA
"Democratic Republic of the Congo","Eastern Africa",0.120863569888841,2023,0.112396886424099,0.929948424719463,"country",NA
"Djibouti","Eastern Africa",0.10205535587728,2023,0.0968761733140787,0.949251241949227,"country",NA
"Eastern Africa","Eastern Africa",0.104936600422279,2023,0.0963040428008942,0.917735493749118,"Eastern Africa",NA
"Egypt","Northern Africa",0.210821680558021,2023,0.192546300673895,0.913313565114586,"country",NA
"Equatorial Guinea","Central Africa",0.0760626012294384,2023,0.0771317934360389,1.01405673996575,"country",NA
"Eritrea","Eastern Africa",0.130236686297435,2023,0.138541154812327,1.06376443344025,"country",NA
"Ethiopia","Eastern Africa",0.0770888948929922,2023,0.0699551542133662,0.907460851663155,"country",NA
"Gabon","Central Africa",0.106263434567342,2023,0.0917145698582734,0.863086820331895,"country",NA
"Ghana","Western Africa",0.111303069269228,2023,0.0988347027365541,0.887978232635128,"country",NA
"Guinea","Western Africa",0.11848639175148,2023,0.108537145292828,0.916030471418858,"country",NA
"Guinea-Bissau","Western Africa",0.162761230680475,2023,0.141884882395179,0.871736357620206,"country",NA
"Kenya","Eastern Africa",0.0835861187924938,2023,0.0765596462884431,0.915937327805659,"country",NA
"Lesotho","Southern Africa",0.164840346107184,2023,0.15172978831681,0.920465116095733,"country",NA
"Liberia","Western Africa",0.0945107566315337,2023,0.0841770342115246,0.890660885720162,"country",NA
"Libya","Northern Africa",0.100463451527027,2023,0.0992079101133018,0.987502505690965,"country",NA
"Madagascar","Eastern Africa",0.157304703297435,2023,0.138952539404501,0.883333660671079,"country",NA
"Malawi","Eastern Africa",0.0979999446906833,2023,0.0808339293359892,0.824836479154401,"country",NA
"Mali","Western Africa",0.0861447849086608,2023,0.0831071806891754,0.96473838523474,"country",NA
"Mauritania","Western Africa",0.0772011832315856,2023,0.0690574039704258,0.89451224812539,"country",NA
"Mauritius","Eastern Africa",0.0706462405581084,2023,0.0602039889568844,0.852189564246734,"country",NA
"Morocco","Northern Africa",0.15576872815578,2023,0.140845875666028,0.904198662552936,"country",NA
"Mozambique","Eastern Africa",0.151390225210915,2023,0.14688163001516,0.970218716634619,"country",NA
"Namibia","Southern Africa",0.106777972219721,2023,0.0940183904563355,0.880503614199287,"country",NA
"Niger","Western Africa",0.0958376434241295,2023,0.0924125968573879,0.964261990963363,"country",NA
"Nigeria","Western Africa",0.0798125062666619,2023,0.0674110244491292,0.844617311275778,"country",NA
"Northern Africa","Northern Africa",0.164472179332722,2023,0.143885129691557,0.874829592915418,"Northern Africa",NA
"Rwanda","Eastern Africa",0.0830230408530636,2023,0.0784241218059339,0.94460671399318,"country",NA
"Sao Tome and Principe","Central Africa",0.101723658265552,2023,0.0914454576596772,0.898959585399072,"country",NA
"Senegal","Western Africa",0.0898771644074722,2023,0.0761681814472266,0.847469787786208,"country",NA
"Seychelles","Eastern Africa",0.0852566672537841,2023,0.0685882989420222,0.804491908390636,"country",NA
"Sierra Leone","Western Africa",0.108145845219512,2023,0.098667377131756,0.912354764359959,"country",NA
"Somalia","Eastern Africa",0.146833834750696,2023,0.13776748248191,0.938254338421526,"country",NA
"South Africa","Southern Africa",0.0891211527989475,2023,0.0663325783563772,0.744296682360246,"country",NA
"Southern Africa","Southern Africa",0.0934673507715645,2023,0.0707969126840229,0.757450725837426,"Southern Africa",NA
"Sudan","Northern Africa",0.171451953084802,2023,0.148019806206002,0.863331117218539,"country",NA
"Swaziland","Southern Africa",0.131850648895182,2023,0.11153616497976,0.845928070239749,"country",NA
"Tanzania","Eastern Africa",0.0899404857332893,2023,0.0843599398430522,0.937952904693158,"country",NA
"The Gambia","Western Africa",0.106114263438405,2023,0.105046146277174,0.989934273427332,"country",NA
"Togo","Western Africa",0.111789877630157,2023,0.103745104280211,0.928036656623232,"country",NA
"Tunisia","Northern Africa",0.0953958878777298,2023,0.0779453383271927,0.817072308474096,"country",NA
"Uganda","Eastern Africa",0.0866123202244106,2023,0.0771063314300291,0.890246690427509,"country",NA
"Western Africa","Western Africa",0.0901867543883181,2023,0.0790267803035285,0.876257060579672,"Western Africa",NA
"Zambia","Eastern Africa",0.128602868692713,2023,0.124445880880134,0.967675776949332,"country",NA
"Zimbabwe","Eastern Africa",0.117376739960287,2023,0.112211808126075,0.95599697319964,"country",NA
"Africa","Africa",0.117415151359001,2024,0.102374525575978,0.871902172684379,"Africa",NA
"Algeria","Northern Africa",0.09912539605181,2024,0.0712232669200518,0.718516845903197,"country",NA
"Angola","Central Africa",0.111612651272432,2024,0.0992978654954254,0.889664965067911,"country",NA
"Benin","Western Africa",0.103201238382826,2024,0.0978378366797923,0.948029676900403,"country",NA
"Botswana","Southern Africa",0.128077471657089,2024,0.101426327269537,0.791913878040105,"country",NA
"Burkina Faso","Western Africa",0.103718354692406,2024,0.0963469834053395,0.928928960462903,"country",NA
"Burundi","Eastern Africa",0.116977961697513,2024,0.113808031511534,0.972901475286638,"country",NA
"Cameroon","Central Africa",0.107550119659577,2024,0.0902731303476618,0.839358716042334,"country",NA
"Cape Verde","Western Africa",0.0633578271258421,2024,0.0702082150627646,1.10812220443287,"country",NA
"Central Africa","Central Africa",0.116042806456891,2024,0.102796214427101,0.885847365862256,"Central Africa",NA
"Central African Republic","Central Africa",0.182725958414061,2024,0.177162767826648,0.969554459389911,"country",NA
"Chad","Central Africa",0.113012777728131,2024,0.102379948536437,0.905914805339333,"country",NA
"Comoros","Eastern Africa",0.0964495949960222,2024,0.0962927630937543,0.998373949602646,"country",NA
"Congo","Central Africa",0.131290033013364,2024,0.122323174223546,0.931701907722844,"country",NA
"Cote d'Ivoire","Eastern Africa",0.106315222239723,2024,0.082447846469796,0.775503683601298,"country",NA
"Democratic Republic of the Congo","Eastern Africa",0.120863569888841,2024,0.111368392336839,0.921438878888526,"country",NA
"Djibouti","Eastern Africa",0.10205535587728,2024,0.0963917575262437,0.944504643559845,"country",NA
"Eastern Africa","Eastern Africa",0.104936600422279,2024,0.09534013948495,0.908549915866231,"Eastern Africa",NA
"Egypt","Northern Africa",0.210821680558021,2024,0.191654868334285,0.909085193832988,"country",NA
"Equatorial Guinea","Central Africa",0.0760626012294384,2024,0.07697329829888,1.01197299401705,"country",NA
"Eritrea","Eastern Africa",0.130236686297435,2024,0.138462211414893,1.06315828013831,"country",NA
"Ethiopia","Eastern Africa",0.0770888948929922,2024,0.0690563463084711,0.895801482228132,"country",NA
"Gabon","Central Africa",0.106263434567342,2024,0.0901757922938129,0.84860603895375,"country",NA
"Ghana","Western Africa",0.111303069269228,2024,0.0976506669974191,0.877340289342917,"country",NA
"Guinea","Western Africa",0.11848639175148,2024,0.10789540152842,0.910614290244618,"country",NA
"Guinea-Bissau","Western Africa",0.162761230680475,2024,0.140065493740036,0.860558089628889,"country",NA
"Kenya","Eastern Africa",0.0835861187924938,2024,0.0758811425376131,0.907819906388899,"country",NA
"Lesotho","Southern Africa",0.164840346107184,2024,0.151915153155604,0.921589627437596,"country",NA
"Liberia","Western Africa",0.0945107566315337,2024,0.0829619148761815,0.8778039435196,"country",NA
"Libya","Northern Africa",0.100463451527027,2024,0.0986018638750981,0.981470001043833,"country",NA
"Madagascar","Eastern Africa",0.157304703297435,2024,0.137241734599696,0.872457922254216,"country",NA
"Malawi","Eastern Africa",0.0979999446906833,2024,0.0794554989189548,0.810770854715681,"country",NA
"Mali","Western Africa",0.0861447849086608,2024,0.0826569383780329,0.959511808702917,"country",NA
"Mauritania","Western Africa",0.0772011832315856,2024,0.0680398096734963,0.881331176873192,"country",NA
"Mauritius","Eastern Africa",0.0706462405581084,2024,0.0588909691612629,0.833603723227473,"country",NA
"Morocco","Northern Africa",0.15576872815578,2024,0.140393966940185,0.901297510754412,"country",NA
"Mozambique","Eastern Africa",0.151390225210915,2024,0.14614986297656,0.965385068771422,"country",NA
"Namibia","Southern Africa",0.106777972219721,2024,0.0933918244253855,0.874635680786385,"country",NA
"Niger","Western Africa",0.0958376434241295,2024,0.0922838241405881,0.962918336088316,"country",NA
"Nigeria","Western Africa",0.0798125062666619,2024,0.0663986416885719,0.831932798435462,"country",NA
"Northern Africa","Northern Africa",0.164472179332722,2024,0.142724901443461,0.867775340623007,"Northern Africa",NA
"Rwanda","Eastern Africa",0.0830230408530636,2024,0.0779582062187546,0.938994831046085,"country",NA
"Sao Tome and Principe","Central Africa",0.101723658265552,2024,0.091030303130042,0.894878386032928,"country",NA
"Senegal","Western Africa",0.0898771644074722,2024,0.0751155086986505,0.835757438431219,"country",NA
"Seychelles","Eastern Africa",0.0852566672537841,2024,0.0673356956035097,0.789799763144284,"country",NA
"Sierra Leone","Western Africa",0.108145845219512,2024,0.0977290879599787,0.903678618088479,"country",NA
"Somalia","Eastern Africa",0.146833834750696,2024,0.137201395128903,0.934399046118033,"country",NA
"South Africa","Southern Africa",0.0891211527989475,2024,0.0647546919979808,0.726591723337151,"country",NA
"Southern Africa","Southern Africa",0.0934673507715645,2024,0.0692761223237386,0.741179906693305,"Southern Africa",NA
"Sudan","Northern Africa",0.171451953084802,2024,0.145838484911742,0.850608478280847,"country",NA
"Swaziland","Southern Africa",0.131850648895182,2024,0.109667562363198,0.831755954802929,"country",NA
"Tanzania","Eastern Africa",0.0899404857332893,2024,0.0836808984167308,0.930403007438488,"country",NA
"The Gambia","Western Africa",0.106114263438405,2024,0.104938480864029,0.988919655696821,"country",NA
"Togo","Western Africa",0.111789877630157,2024,0.102658752230219,0.918318853249424,"country",NA
"Tunisia","Northern Africa",0.0953958878777298,2024,0.0766757996880786,0.803764201936618,"country",NA
"Uganda","Eastern Africa",0.0866123202244106,2024,0.0761835323376416,0.879592327514744,"country",NA
"Western Africa","Western Africa",0.0901867543883181,2024,0.0780519170954073,0.865447677153767,"Western Africa",NA
"Zambia","Eastern Africa",0.128602868692713,2024,0.124387584921803,0.967222474788008,"country",NA
"Zimbabwe","Eastern Africa",0.117376739960287,2024,0.111820299403058,0.952661485068432,"country",NA
"Africa","Africa",0.117415151359001,2025,0.101328961343442,0.862997323349055,"Africa",NA
"Algeria","Northern Africa",0.09912539605181,2025,0.0700674857787492,0.706857057520627,"country",NA
"Angola","Central Africa",0.111612651272432,2025,0.0981494839009379,0.879375973798593,"country",NA
"Benin","Western Africa",0.103201238382826,2025,0.0971971656628959,0.9418216989058,"country",NA
"Botswana","Southern Africa",0.128077471657089,2025,0.100295781267531,0.783086829946644,"country",NA
"Burkina Faso","Western Africa",0.103718354692406,2025,0.0960223954581685,0.925799447387482,"country",NA
"Burundi","Eastern Africa",0.116977961697513,2025,0.11299715513629,0.965969602278449,"country",NA
"Cameroon","Central Africa",0.107550119659577,2025,0.0891037975946604,0.828486271114307,"country",NA
"Cape Verde","Western Africa",0.0633578271258421,2025,0.0716208726595637,1.13041870134387,"country",NA
"Central Africa","Central Africa",0.116042806456891,2025,0.101734840191289,0.876700963183635,"Central Africa",NA
"Central African Republic","Central Africa",0.182725958414061,2025,0.17666534286867,0.966832213671268,"country",NA
"Chad","Central Africa",0.113012777728131,2025,0.101504856628579,0.898171504754661,"country",NA
"Comoros","Eastern Africa",0.0964495949960222,2025,0.0958729289099994,0.994021062648873,"country",NA
"Congo","Central Africa",0.131290033013364,2025,0.121676710207078,0.926777969464695,"country",NA
"Cote d'Ivoire","Eastern Africa",0.106315222239723,2025,0.0806246318370104,0.758354543578108,"country",NA
"Democratic Republic of the Congo","Eastern Africa",0.120863569888841,2025,0.110408144916784,0.913493991765484,"country",NA
"Djibouti","Eastern Africa",0.10205535587728,2025,0.0960016879411461,0.940682506233052,"country",NA
"Eastern Africa","Eastern Africa",0.104936600422279,2025,0.0944223715407233,0.899803987938954,"Eastern Africa",NA
"Egypt","Northern Africa",0.210821680558021,2025,0.19082112067521,0.905130440902129,"country",NA
"Equatorial Guinea","Central Africa",0.0760626012294384,2025,0.0768182992496159,1.00993521136489,"country",NA
"Eritrea","Eastern Africa",0.130236686297435,2025,0.138301212322208,1.06192207629082,"country",NA
"Ethiopia","Eastern Africa",0.0770888948929922,2025,0.068223498566272,0.88499775046683,"country",NA
"Gabon","Central Africa",0.106263434567342,2025,0.088778413748444,0.835455903622077,"country",NA
"Ghana","Western Africa",0.111303069269228,2025,0.0965050036373737,0.867047101854312,"country",NA
"Guinea","Western Africa",0.11848639175148,2025,0.107200647155289,0.904750710783207,"country",NA
"Guinea-Bissau","Western Africa",0.162761230680475,2025,0.138376173772583,0.850178959658004,"country",NA
"Kenya","Eastern Africa",0.0835861187924938,2025,0.0752512572477613,0.900284142090337,"country",NA
"Lesotho","Southern Africa",0.164840346107184,2025,0.152035522373618,0.922319844407267,"country",NA
"Liberia","Western Africa",0.0945107566315337,2025,0.0817138547663013,0.86459846136749,"country",NA
"Libya","Northern Africa",0.100463451527027,2025,0.0988679988673667,0.984119073798386,"country",NA
"Madagascar","Eastern Africa",0.157304703297435,2025,0.135555094504801,0.861735801049068,"country",NA
"Malawi","Eastern Africa",0.0979999446906833,2025,0.0780874760868637,0.79681143018326,"country",NA
"Mali","Western Africa",0.0861447849086608,2025,0.0822798653042031,0.955134607294501,"country",NA
"Mauritania","Western Africa",0.0772011832315856,2025,0.0670858421072582,0.868974273438481,"country",NA
"Mauritius","Eastern Africa",0.0706462405581084,2025,0.0576686642323472,0.816301954311541,"country",NA
"Morocco","Northern Africa",0.15576872815578,2025,0.140049766878556,0.899087824216528,"country",NA
"Mozambique","Eastern Africa",0.151390225210915,2025,0.145522570356788,0.96124152106946,"country",NA
"Namibia","Southern Africa",0.106777972219721,2025,0.0928515767010294,0.869576137950673,"country",NA
"Niger","Western Africa",0.0958376434241295,2025,0.0921632851023421,0.961660593995132,"country",NA
"Nigeria","Western Africa",0.0798125062666619,2025,0.0654889556802715,0.820535010659433,"country",NA
"Northern Africa","Northern Africa",0.164472179332722,2025,0.141692743155238,0.861499760811208,"Northern Africa",NA
"Rwanda","Eastern Africa",0.0830230408530636,2025,0.0775755929442304,0.934386311885707,"country",NA
"Sao Tome and Principe","Central Africa",0.101723658265552,2025,0.0906170054705353,0.890815440730393,"country",NA
"Senegal","Western Africa",0.0898771644074722,2025,0.0741252165220219,0.824739153829594,"country",NA
"Seychelles","Eastern Africa",0.0852566672537841,2025,0.0661922355069918,0.776387790411241,"country",NA
"Sierra Leone","Western Africa",0.108145845219512,2025,0.0967969144871862,0.895059022292631,"country",NA
"Somalia","Eastern Africa",0.146833834750696,2025,0.136733635456867,0.931213406562746,"country",NA
"South Africa","Southern Africa",0.0891211527989475,2025,0.0632688583211493,0.709919658062328,"country",NA
"Southern Africa","Southern Africa",0.0934673507715645,2025,0.0678530692471198,0.725954771232936,"Southern Africa",NA
"Sudan","Northern Africa",0.171451953084802,2025,0.14382675724772,0.838875000604877,"country",NA
"Swaziland","Southern Africa",0.131850648895182,2025,0.107904728001201,0.818386021649254,"country",NA
"Tanzania","Eastern Africa",0.0899404857332893,2025,0.0830758064993616,0.923675315093536,"country",NA
"The Gambia","Western Africa",0.106114263438405,2025,0.104791048617211,0.987530283127655,"country",NA
"Togo","Western Africa",0.111789877630157,2025,0.101628088084121,0.909099197875008,"country",NA
"Tunisia","Northern Africa",0.0953958878777298,2025,0.0755251470100216,0.791702333195149,"country",NA
"Uganda","Eastern Africa",0.0866123202244106,2025,0.0753875713126804,0.87040239907386,"country",NA
"Western Africa","Western Africa",0.0901867543883181,2025,0.0771561253389843,0.855515046109457,"Western Africa",NA
"Zambia","Eastern Africa",0.128602868692713,2025,0.124218326551011,0.965906342632379,"country",NA
"Zimbabwe","Eastern Africa",0.117376739960287,2025,0.111449350662437,0.949501159259877,"country",NA
"Africa","Africa",0.117415151359001,2026,0.100317664141941,0.854384319066421,"Africa",NA
"Algeria","Northern Africa",0.09912539605181,2026,0.0689743456419661,0.695829206129126,"country",NA
"Angola","Central Africa",0.111612651272432,2026,0.0970626605480671,0.869638517152948,"country",NA
"Benin","Western Africa",0.103201238382826,2026,0.096528627409337,0.93534369278848,"country",NA
"Botswana","Southern Africa",0.128077471657089,2026,0.0992078161576353,0.774592243851063,"country",NA
"Burkina Faso","Western Africa",0.103718354692406,2026,0.0956525810912539,0.922233884011439,"country",NA
"Burundi","Eastern Africa",0.116977961697513,2026,0.112215347053583,0.959286223021685,"country",NA
"Cameroon","Central Africa",0.107550119659577,2026,0.0879533281330167,0.817789216891725,"country",NA
"Cape Verde","Western Africa",0.0633578271258421,2026,0.073031874358051,1.15268906259986,"country",NA
"Central Africa","Central Africa",0.116042806456891,2026,0.100697065176719,0.867757927020899,"Central Africa",NA
"Central African Republic","Central Africa",0.182725958414061,2026,0.176161079529464,0.96407254370657,"country",NA
"Chad","Central Africa",0.113012777728131,2026,0.100687891740514,0.890942544415055,"country",NA
"Comoros","Eastern Africa",0.0964495949960222,2026,0.0953987579575446,0.989104806106019,"country",NA
"Congo","Central Africa",0.131290033013364,2026,0.121000854917034,0.921630165975491,"country",NA
"Cote d'Ivoire","Eastern Africa",0.106315222239723,2026,0.0789149904421056,0.742273672383108,"country",NA
"Democratic Republic of the Congo","Eastern Africa",0.120863569888841,2026,0.109492564541295,0.905918670464524,"country",NA
"Djibouti","Eastern Africa",0.10205535587728,2026,0.095598692826689,0.936733716764896,"country",NA
"Eastern Africa","Eastern Africa",0.104936600422279,2026,0.09353026043696,0.891302558502768,"Eastern Africa",NA
"Egypt","Northern Africa",0.210821680558021,2026,0.189979486299626,0.901138278552622,"country",NA
"Equatorial Guinea","Central Africa",0.0760626012294384,2026,0.0766604591816482,1.00786007765375,"country",NA
"Eritrea","Eastern Africa",0.130236686297435,2026,0.138107015015487,1.06043096566568,"country",NA
"Ethiopia","Eastern Africa",0.0770888948929922,2026,0.0674779279136112,0.875326180343847,"country",NA
"Gabon","Central Africa",0.106263434567342,2026,0.0874488455499407,0.822943902632116,"country",NA
"Ghana","Western Africa",0.111303069269228,2026,0.0954417337204837,0.857494176459972,"country",NA
"Guinea","Western Africa",0.11848639175148,2026,0.106482823119919,0.898692428268574,"country",NA
"Guinea-Bissau","Western Africa",0.162761230680475,2026,0.136778378112518,0.840362152219374,"country",NA
"Kenya","Eastern Africa",0.0835861187924938,2026,0.0746403381799994,0.892975284153309,"country",NA
"Lesotho","Southern Africa",0.164840346107184,2026,0.152129933419617,0.922892586749959,"country",NA
"Liberia","Western Africa",0.0945107566315337,2026,0.0804750386692555,0.851490788323716,"country",NA
"Libya","Northern Africa",0.100463451527027,2026,0.0994145177437894,0.989559050905639,"country",NA
"Madagascar","Eastern Africa",0.157304703297435,2026,0.133924195677815,0.85136803204535,"country",NA
"Malawi","Eastern Africa",0.0979999446906833,2026,0.0767010239955056,0.782663951878714,"country",NA
"Mali","Western Africa",0.0861447849086608,2026,0.0818930143386229,0.950643900561757,"country",NA
"Mauritania","Western Africa",0.0772011832315856,2026,0.06620330156994,0.85754257640515,"country",NA
"Mauritius","Eastern Africa",0.0706462405581084,2026,0.0564463179302598,0.798999599756921,"country",NA
"Morocco","Northern Africa",0.15576872815578,2026,0.139700126243059,0.896843210425064,"country",NA
"Mozambique","Eastern Africa",0.151390225210915,2026,0.144927120191819,0.957308306992135,"country",NA
"Namibia","Southern Africa",0.106777972219721,2026,0.0923396094830257,0.864781448490283,"country",NA
"Niger","Western Africa",0.0958376434241295,2026,0.0920289364316746,0.960258757870335,"country",NA
"Nigeria","Western Africa",0.0798125062666619,2026,0.0646401878819562,0.80990048935422,"country",NA
"Northern Africa","Northern Africa",0.164472179332722,2026,0.140694570235568,0.855430813930833,"Northern Africa",NA
"Rwanda","Eastern Africa",0.0830230408530636,2026,0.0772193759404491,0.93009573182358,"country",NA
"Sao Tome and Principe","Central Africa",0.101723658265552,2026,0.0902437521184823,0.887146153187877,"country",NA
"Senegal","Western Africa",0.0898771644074722,2026,0.0731846631315586,0.814274277721585,"country",NA
"Seychelles","Eastern Africa",0.0852566672537841,2026,0.0650830821028339,0.763378210751549,"country",NA
"Sierra Leone","Western Africa",0.108145845219512,2026,0.0958743416912584,0.88652820176915,"country",NA
"Somalia","Eastern Africa",0.146833834750696,2026,0.136088370884166,0.926818884184465,"country",NA
"South Africa","Southern Africa",0.0891211527989475,2026,0.0618239336099798,0.693706619229346,"country",NA
"Southern Africa","Southern Africa",0.0934673507715645,2026,0.0664761912484061,0.711223659381069,"Southern Africa",NA
"Sudan","Northern Africa",0.171451953084802,2026,0.141923194047433,0.827772396253992,"country",NA
"Swaziland","Southern Africa",0.131850648895182,2026,0.10622401893485,0.805638954566659,"country",NA
"Tanzania","Eastern Africa",0.0899404857332893,2026,0.0824509551304635,0.916727928009692,"country",NA
"The Gambia","Western Africa",0.106114263438405,2026,0.104620421016252,0.98592232209179,"country",NA
"Togo","Western Africa",0.111789877630157,2026,0.100598638662987,0.899890408645095,"country",NA
"Tunisia","Northern Africa",0.0953958878777298,2026,0.0744036181185692,0.779945758395093,"country",NA
"Uganda","Eastern Africa",0.0866123202244106,2026,0.0746597501780475,0.861999193470464,"country",NA
"Western Africa","Western Africa",0.0901867543883181,2026,0.0763124777553155,0.846160595010837,"Western Africa",NA
"Zambia","Eastern Africa",0.128602868692713,2026,0.123932154957966,0.963681107721575,"country",NA
"Zimbabwe","Eastern Africa",0.117376739960287,2026,0.111053377045561,0.946127632128263,"country",NA
"Africa","Africa",0.117415151359001,2027,0.0993263117153852,0.84594118021184,"Africa",NA
"Algeria","Northern Africa",0.09912539605181,2027,0.0679018113161409,0.685009230940682,"country",NA
"Angola","Central Africa",0.111612651272432,2027,0.0960415927422643,0.860490201131761,"country",NA
"Benin","Western Africa",0.103201238382826,2027,0.0959032326306414,0.929283738581577,"country",NA
"Botswana","Southern Africa",0.128077471657089,2027,0.098157218783509,0.766389416604916,"country",NA
"Burkina Faso","Western Africa",0.103718354692406,2027,0.0952855299961982,0.918694962707257,"country",NA
"Burundi","Eastern Africa",0.116977961697513,2027,0.111351391724506,0.951900598272034,"country",NA
"Cameroon","Central Africa",0.107550119659577,2027,0.0868405759239511,0.807442857328503,"country",NA
"Cape Verde","Western Africa",0.0633578271258421,2027,0.0743314204403601,1.17320027867626,"country",NA
"Central Africa","Central Africa",0.116042806456891,2027,0.0996959933921954,0.859131181295855,"Central Africa",NA
"Central African Republic","Central Africa",0.182725958414061,2027,0.175600756033365,0.961006074656617,"country",NA
"Chad","Central Africa",0.113012777728131,2027,0.0999074494623037,0.884036756468779,"country",NA
"Comoros","Eastern Africa",0.0964495949960222,2027,0.0948931981948674,0.983863106929386,"country",NA
"Congo","Central Africa",0.131290033013364,2027,0.12033108007541,0.916528675586225,"country",NA
"Cote d'Ivoire","Eastern Africa",0.106315222239723,2027,0.0773210872979255,0.727281434107143,"country",NA
"Democratic Republic of the Congo","Eastern Africa",0.120863569888841,2027,0.108624269080178,0.898734574695085,"country",NA
"Djibouti","Eastern Africa",0.10205535587728,2027,0.0950426763291865,0.931285531388216,"country",NA
"Eastern Africa","Eastern Africa",0.104936600422279,2027,0.0926586804554757,0.882996781700613,"Eastern Africa",NA
"Egypt","Northern Africa",0.210821680558021,2027,0.189142791556034,0.897169546582658,"country",NA
"Equatorial Guinea","Central Africa",0.0760626012294384,2027,0.0765169739330189,1.00597366769261,"country",NA
"Eritrea","Eastern Africa",0.130236686297435,2027,0.137903203940088,1.05886603737094,"country",NA
"Ethiopia","Eastern Africa",0.0770888948929922,2027,0.0668006271015607,0.866540209122043,"country",NA
"Gabon","Central Africa",0.106263434567342,2027,0.086210488542125,0.811290251375145,"country",NA
"Ghana","Western Africa",0.111303069269228,2027,0.0944499249022798,0.848583291749282,"country",NA
"Guinea","Western Africa",0.11848639175148,2027,0.105783171133712,0.892787513992217,"country",NA
"Guinea-Bissau","Western Africa",0.162761230680475,2027,0.135288545473642,0.831208666265456,"country",NA
"Kenya","Eastern Africa",0.0835861187924938,2027,0.0740402216482922,0.885795664613885,"country",NA
"Lesotho","Southern Africa",0.164840346107184,2027,0.152187478253777,0.923241681104092,"country",NA
"Liberia","Western Africa",0.0945107566315337,2027,0.0793979092051645,0.840093890208823,"country",NA
"Libya","Northern Africa",0.100463451527027,2027,0.0996461298109284,0.991864486998253,"country",NA
"Madagascar","Eastern Africa",0.157304703297435,2027,0.132332676196975,0.841250601050098,"country",NA
"Malawi","Eastern Africa",0.0979999446906833,2027,0.0753536285429849,0.768915010930089,"country",NA
"Mali","Western Africa",0.0861447849086608,2027,0.081521580743507,0.946332164273719,"country",NA
"Mauritania","Western Africa",0.0772011832315856,2027,0.0653692176135895,0.846738545670952,"country",NA
"Mauritius","Eastern Africa",0.0706462405581084,2027,0.0552503323683877,0.782070382399795,"country",NA
"Morocco","Northern Africa",0.15576872815578,2027,0.139378852290185,0.894780704319518,"country",NA
"Mozambique","Eastern Africa",0.151390225210915,2027,0.144291023344338,0.953106603437004,"country",NA
"Namibia","Southern Africa",0.106777972219721,2027,0.0918613410482031,0.860302355800281,"country",NA
"Niger","Western Africa",0.0958376434241295,2027,0.0918113679171551,0.957988579819767,"country",NA
"Nigeria","Western Africa",0.0798125062666619,2027,0.0638389231487275,0.799861151276656,"country",NA
"Northern Africa","Northern Africa",0.164472179332722,2027,0.139694397056282,0.849349705360713,"Northern Africa",NA
"Rwanda","Eastern Africa",0.0830230408530636,2027,0.0768725496026483,0.925918260916261,"country",NA
"Sao Tome and Principe","Central Africa",0.101723658265552,2027,0.0898832014875869,0.883601740442179,"country",NA
"Senegal","Western Africa",0.0898771644074722,2027,0.0722889434888907,0.804308235194843,"country",NA
"Seychelles","Eastern Africa",0.0852566672537841,2027,0.06396840681489,0.750303863326898,"country",NA
"Sierra Leone","Western Africa",0.108145845219512,2027,0.0949218262017869,0.877720507978065,"country",NA
"Somalia","Eastern Africa",0.146833834750696,2027,0.135124485216075,0.920254418509862,"country",NA
"South Africa","Southern Africa",0.0891211527989475,2027,0.0604336583473294,0.678106784409134,"country",NA
"Southern Africa","Southern Africa",0.0934673507715645,2027,0.0651528298275663,0.697065117281442,"Southern Africa",NA
"Sudan","Northern Africa",0.171451953084802,2027,0.140064084255936,0.816929068090923,"country",NA
"Swaziland","Southern Africa",0.131850648895182,2027,0.104617919613138,0.793457753069589,"country",NA
"Tanzania","Eastern Africa",0.0899404857332893,2027,0.0818273053210942,0.909793900421507,"country",NA
"The Gambia","Western Africa",0.106114263438405,2027,0.104428140926505,0.984110312249598,"country",NA
"Togo","Western Africa",0.111789877630157,2027,0.0996089116402242,0.891036950320031,"country",NA
"Tunisia","Northern Africa",0.0953958878777298,2027,0.0733113756152766,0.768496182028734,"country",NA
"Uganda","Eastern Africa",0.0866123202244106,2027,0.0739667473306433,0.853997989419948,"country",NA
"Western Africa","Western Africa",0.0901867543883181,2027,0.0755200456751163,0.837374026677452,"Western Africa",NA
"Zambia","Eastern Africa",0.128602868692713,2027,0.123559071949563,0.96078006039506,"country",NA
"Zimbabwe","Eastern Africa",0.117376739960287,2027,0.110666059881017,0.942827854295998,"country",NA
"Africa","Africa",0.117415151359001,2028,0.0983631886796847,0.837738465106056,"Africa",NA
"Algeria","Northern Africa",0.09912539605181,2028,0.0668661026816616,0.674560761872897,"country",NA
"Angola","Central Africa",0.111612651272432,2028,0.0950979109816691,0.852035229855325,"country",NA
"Benin","Western Africa",0.103201238382826,2028,0.0952945542440953,0.923385762975042,"country",NA
"Botswana","Southern Africa",0.128077471657089,2028,0.09715669610878,0.758577561313083,"country",NA
"Burkina Faso","Western Africa",0.103718354692406,2028,0.0949310897114628,0.915277628467946,"country",NA
"Burundi","Eastern Africa",0.116977961697513,2028,0.110398118160206,0.943751425979524,"country",NA
"Cameroon","Central Africa",0.107550119659577,2028,0.0857650018437203,0.79744217965715,"country",NA
"Cape Verde","Western Africa",0.0633578271258421,2028,0.075755196443947,1.1956722615105,"country",NA
"Central Africa","Central Africa",0.116042806456891,2028,0.0987410330161697,0.850901801076751,"Central Africa",NA
"Central African Republic","Central Africa",0.182725958414061,2028,0.174977031788836,0.957592633840968,"country",NA
"Chad","Central Africa",0.113012777728131,2028,0.0991625764266306,0.877445704990821,"country",NA
"Comoros","Eastern Africa",0.0964495949960222,2028,0.0943818368940899,0.978561256768184,"country",NA
"Congo","Central Africa",0.131290033013364,2028,0.119666596575454,0.911467487888238,"country",NA
"Cote d'Ivoire","Eastern Africa",0.106315222239723,2028,0.0758351915108721,0.713305112036321,"country",NA
"Democratic Republic of the Congo","Eastern Africa",0.120863569888841,2028,0.107799144200998,0.891907663327676,"country",NA
"Djibouti","Eastern Africa",0.10205535587728,2028,0.0943550718550378,0.92454796756084,"country",NA
"Eastern Africa","Eastern Africa",0.104936600422279,2028,0.0917989044196448,0.874803491348428,"Eastern Africa",NA
"Egypt","Northern Africa",0.210821680558021,2028,0.188326777742461,0.89329891140219,"country",NA
"Equatorial Guinea","Central Africa",0.0760626012294384,2028,0.0763842380471824,1.00422858030813,"country",NA
"Eritrea","Eastern Africa",0.130236686297435,2028,0.13767262412103,1.05709556988123,"country",NA
"Ethiopia","Eastern Africa",0.0770888948929922,2028,0.0661334088306017,0.857885028996746,"country",NA
"Gabon","Central Africa",0.106263434567342,2028,0.0850505663232419,0.800374716566716,"country",NA
"Ghana","Western Africa",0.111303069269228,2028,0.0935279374443898,0.840299715528578,"country",NA
"Guinea","Western Africa",0.11848639175148,2028,0.105129961302988,0.887274561651719,"country",NA
"Guinea-Bissau","Western Africa",0.162761230680475,2028,0.133893024143164,0.822634626092351,"country",NA
"Kenya","Eastern Africa",0.0835861187924938,2028,0.0734371176562607,0.878580303968552,"country",NA
"Lesotho","Southern Africa",0.164840346107184,2028,0.152207809113601,0.923365017776843,"country",NA
"Liberia","Western Africa",0.0945107566315337,2028,0.0785318650866501,0.830930445227732,"country",NA
"Libya","Northern Africa",0.100463451527027,2028,0.0995869367356282,0.991275286902095,"country",NA
"Madagascar","Eastern Africa",0.157304703297435,2028,0.130789650020523,0.831441446307063,"country",NA
"Malawi","Eastern Africa",0.0979999446906833,2028,0.0740738077876081,0.755855608096585,"country",NA
"Mali","Western Africa",0.0861447849086608,2028,0.0811566655073021,0.942096095467094,"country",NA
"Mauritania","Western Africa",0.0772011832315856,2028,0.0645708865025449,0.836397627596552,"country",NA
"Mauritius","Eastern Africa",0.0706462405581084,2028,0.0541189974812378,0.766056297599071,"country",NA
"Morocco","Northern Africa",0.15576872815578,2028,0.139158196833934,0.893364146202478,"country",NA
"Mozambique","Eastern Africa",0.151390225210915,2028,0.143585668857255,0.948447422263977,"country",NA
"Namibia","Southern Africa",0.106777972219721,2028,0.0914262316755006,0.856227457544982,"country",NA
"Niger","Western Africa",0.0958376434241295,2028,0.0915307902268863,0.955060944286962,"country",NA
"Nigeria","Western Africa",0.0798125062666619,2028,0.0630810236038243,0.790365151459647,"country",NA
"Northern Africa","Northern Africa",0.164472179332722,2028,0.138708779167908,0.843357093769062,"Northern Africa",NA
"Rwanda","Eastern Africa",0.0830230408530636,2028,0.0765114252475326,0.921568572547766,"country",NA
"Sao Tome and Principe","Central Africa",0.101723658265552,2028,0.0895462734861427,0.880289551250511,"country",NA
"Senegal","Western Africa",0.0898771644074722,2028,0.0714347184224882,0.794803873636107,"country",NA
"Seychelles","Eastern Africa",0.0852566672537841,2028,0.0628320673468172,0.736975410495282,"country",NA
"Sierra Leone","Western Africa",0.108145845219512,2028,0.0939567064985295,0.868796265892774,"country",NA
"Somalia","Eastern Africa",0.146833834750696,2028,0.134164641915423,0.913717483052978,"country",NA
"South Africa","Southern Africa",0.0891211527989475,2028,0.0591003062258049,0.663145665980466,"country",NA
"Southern Africa","Southern Africa",0.0934673507715645,2028,0.0638842039543784,0.683492186597995,"Southern Africa",NA
"Sudan","Northern Africa",0.171451953084802,2028,0.138259434994616,0.806403383029597,"country",NA
"Swaziland","Southern Africa",0.131850648895182,2028,0.103102620180856,0.781965208702308,"country",NA
"Tanzania","Eastern Africa",0.0899404857332893,2028,0.0811803384144071,0.902600622539891,"country",NA
"The Gambia","Western Africa",0.106114263438405,2028,0.104231601476861,0.982258163035388,"country",NA
"Togo","Western Africa",0.111789877630157,2028,0.0986634366091386,0.882579341714236,"country",NA
"Tunisia","Northern Africa",0.0953958878777298,2028,0.0722420407103203,0.757286737588877,"country",NA
"Uganda","Eastern Africa",0.0866123202244106,2028,0.0733152395274537,0.846475874765802,"country",NA
"Western Africa","Western Africa",0.0901867543883181,2028,0.0747817758033755,0.829188014477013,"Western Africa",NA
"Zambia","Eastern Africa",0.128602868692713,2028,0.123116021165633,0.9573349523004,"country",NA
"Zimbabwe","Eastern Africa",0.117376739960287,2028,0.110287915734566,0.939606226684102,"country",NA
"Africa","Africa",0.117415151359001,2029,0.0974344899898613,0.829828934870184,"Africa",NA
"Algeria","Northern Africa",0.09912539605181,2029,0.0658892596116885,0.664706142281137,"country",NA
"Angola","Central Africa",0.111612651272432,2029,0.0942297195172533,0.844256618250655,"country",NA
"Benin","Western Africa",0.103201238382826,2029,0.0946926868166256,0.917553784242024,"country",NA
"Botswana","Southern Africa",0.128077471657089,2029,0.0962068807581626,0.751161617366592,"country",NA
"Burkina Faso","Western Africa",0.103718354692406,2029,0.0945883896382346,0.911973487419386,"country",NA
"Burundi","Eastern Africa",0.116977961697513,2029,0.109467217778302,0.935793513494166,"country",NA
"Cameroon","Central Africa",0.107550119659577,2029,0.0847281917903935,0.787801929542984,"country",NA
"Cape Verde","Western Africa",0.0633578271258421,2029,0.0771954847483516,1.21840486409082,"country",NA
"Central Africa","Central Africa",0.116042806456891,2029,0.0978354371063315,0.843097819619489,"Central Africa",NA
"Central African Republic","Central Africa",0.182725958414061,2029,0.174328391786914,0.95404283715334,"country",NA
"Chad","Central Africa",0.113012777728131,2029,0.0984524046205726,0.871161709319408,"country",NA
"Comoros","Eastern Africa",0.0964495949960222,2029,0.0938830020143606,0.973389281916969,"country",NA
"Congo","Central Africa",0.131290033013364,2029,0.119006198756439,0.906437419696021,"country",NA
"Cote d'Ivoire","Eastern Africa",0.106315222239723,2029,0.0744438405899501,0.700218078104484,"country",NA
"Democratic Republic of the Congo","Eastern Africa",0.120863569888841,2029,0.107013740180166,0.885409394067931,"country",NA
"Djibouti","Eastern Africa",0.10205535587728,2029,0.0937309060866139,0.918432014477747,"country",NA
"Eastern Africa","Eastern Africa",0.104936600422279,2029,0.090971119713381,0.866915064403658,"Eastern Africa",NA
"Egypt","Northern Africa",0.210821680558021,2029,0.187528279542505,0.889511358822959,"country",NA
"Equatorial Guinea","Central Africa",0.0760626012294384,2029,0.0762580303839274,1.00256931989348,"country",NA
"Eritrea","Eastern Africa",0.130236686297435,2029,0.137429220806125,1.0552266393838,"country",NA
"Ethiopia","Eastern Africa",0.0770888948929922,2029,0.0654696949122084,0.849275307462735,"country",NA
"Gabon","Central Africa",0.106263434567342,2029,0.0839489670271328,0.79000803398588,"country",NA
"Ghana","Western Africa",0.111303069269228,2029,0.0926778734141547,0.832662333776069,"country",NA
"Guinea","Western Africa",0.11848639175148,2029,0.10448896871067,0.881864720210493,"country",NA
"Guinea-Bissau","Western Africa",0.162761230680475,2029,0.132577981687874,0.814555045655463,"country",NA
"Kenya","Eastern Africa",0.0835861187924938,2029,0.0728358963952277,0.871387467768973,"country",NA
"Lesotho","Southern Africa",0.164840346107184,2029,0.152204673453503,0.92334599537018,"country",NA
"Liberia","Western Africa",0.0945107566315337,2029,0.0776845322307013,0.821964980489656,"country",NA
"Libya","Northern Africa",0.100463451527027,2029,0.0991066383674598,0.986494460035528,"country",NA
"Madagascar","Eastern Africa",0.157304703297435,2029,0.129310355560121,0.822037439755491,"country",NA
"Malawi","Eastern Africa",0.0979999446906833,2029,0.0728161446015816,0.743022303037117,"country",NA
"Mali","Western Africa",0.0861447849086608,2029,0.0807931814977355,0.937876640859924,"country",NA
"Mauritania","Western Africa",0.0772011832315856,2029,0.0638029355331915,0.826450228642189,"country",NA
"Mauritius","Eastern Africa",0.0706462405581084,2029,0.0530685680262131,0.751187432012929,"country",NA
"Morocco","Northern Africa",0.15576872815578,2029,0.139033690139063,0.892564841384713,"country",NA
"Mozambique","Eastern Africa",0.151390225210915,2029,0.142905487571755,0.943954521321707,"country",NA
"Namibia","Southern Africa",0.106777972219721,2029,0.0910365686350387,0.85257817452938,"country",NA
"Niger","Western Africa",0.0958376434241295,2029,0.0912044813911016,0.951656135653046,"country",NA
"Nigeria","Western Africa",0.0798125062666619,2029,0.0623687565917307,0.781440898289175,"country",NA
"Northern Africa","Northern Africa",0.164472179332722,2029,0.137757003342429,0.837570243802455,"Northern Africa",NA
"Rwanda","Eastern Africa",0.0830230408530636,2029,0.0761335532062748,0.917017160826692,"country",NA
"Sao Tome and Principe","Central Africa",0.101723658265552,2029,0.0892347155080774,0.877226763464684,"country",NA
"Senegal","Western Africa",0.0898771644074722,2029,0.0706208397543368,0.785748418076099,"country",NA
"Seychelles","Eastern Africa",0.0852566672537841,2029,0.0617434997401679,0.724207287582279,"country",NA
"Sierra Leone","Western Africa",0.108145845219512,2029,0.0930334445395261,0.860259072835293,"country",NA
"Somalia","Eastern Africa",0.146833834750696,2029,0.133501899409926,0.909203928621723,"country",NA
"South Africa","Southern Africa",0.0891211527989475,2029,0.057823914711399,0.648823684337282,"country",NA
"Southern Africa","Southern Africa",0.0934673507715645,2029,0.062670376647407,0.670505541561505,"Southern Africa",NA
"Sudan","Northern Africa",0.171451953084802,2029,0.136576166820395,0.79658565774893,"country",NA
"Swaziland","Southern Africa",0.131850648895182,2029,0.101681591587432,0.771187646321457,"country",NA
"Tanzania","Eastern Africa",0.0899404857332893,2029,0.0805334422332544,0.895408131017542,"country",NA
"The Gambia","Western Africa",0.106114263438405,2029,0.104061643867439,0.980656515868316,"country",NA
"Togo","Western Africa",0.111789877630157,2029,0.0977613707510744,0.874510043516696,"country",NA
"Tunisia","Northern Africa",0.0953958878777298,2029,0.0712065075901522,0.746431624824527,"country",NA
"Uganda","Eastern Africa",0.0866123202244106,2029,0.072696169319434,0.839328274904539,"country",NA
"Western Africa","Western Africa",0.0901867543883181,2029,0.0740937553734436,0.821559173250845,"Western Africa",NA
"Zambia","Eastern Africa",0.128602868692713,2029,0.122623500905766,0.953505175679754,"country",NA
"Zimbabwe","Eastern Africa",0.117376739960287,2029,0.10991087709936,0.936394017558734,"country",NA
"Africa","Africa",0.117415151359001,2030,0.0965511542032232,0.822305750882308,"Africa","Africa"
"Algeria","Northern Africa",0.09912539605181,2030,0.0649962595038734,0.65569734994957,"country",NA
"Angola","Central Africa",0.111612651272432,2030,0.0934260089795932,0.837055727236084,"country",NA
"Benin","Western Africa",0.103201238382826,2030,0.0940841572232876,0.91165725041284,"country",NA
"Botswana","Southern Africa",0.128077471657089,2030,0.0953056069297913,0.744124674673154,"country",NA
"Burkina Faso","Western Africa",0.103718354692406,2030,0.0942582022728274,0.908789987580941,"country",NA
"Burundi","Eastern Africa",0.116977961697513,2030,0.108666259180706,0.928946423786218,"country",NA
"Cameroon","Central Africa",0.107550119659577,2030,0.0837173350850198,0.778402993413733,"country",NA
"Cape Verde","Western Africa",0.0633578271258421,2030,0.078675976501387,1.24177201255844,"country",NA
"Central Africa","Central Africa",0.116042806456891,2030,0.0969732465277078,0.835667884021163,"Central Africa","Central Africa"
"Central African Republic","Central Africa",0.182725958414061,2030,0.173686248838258,0.950528596734357,"country",NA
"Chad","Central Africa",0.113012777728131,2030,0.0977816434677506,0.865226441057658,"country",NA
"Comoros","Eastern Africa",0.0964495949960222,2030,0.0934101053050308,0.968486236866865,"country",NA
"Congo","Central Africa",0.131290033013364,2030,0.118351411893563,0.901450088610429,"country",NA
"Cote d'Ivoire","Eastern Africa",0.106315222239723,2030,0.0731251414976579,0.68781440660278,"country",NA
"Democratic Republic of the Congo","Eastern Africa",0.120863569888841,2030,0.10625996160813,0.879172787183577,"country",NA
"Djibouti","Eastern Africa",0.10205535587728,2030,0.0933177301083105,0.91438346675821,"country",NA
"Eastern Africa","Eastern Africa",0.104936600422279,2030,0.0901826445168546,0.859401239929133,"Eastern Africa","Eastern Africa"
"Egypt","Northern Africa",0.210821680558021,2030,0.186756526252531,0.885850666583285,"country",NA
"Equatorial Guinea","Central Africa",0.0760626012294384,2030,0.0761511134009277,1.00116367531558,"country",NA
"Eritrea","Eastern Africa",0.130236686297435,2030,0.137176305090328,1.05328466955189,"country",NA
"Ethiopia","Eastern Africa",0.0770888948929922,2030,0.0648303123169014,0.840981212753055,"country",NA
"Gabon","Central Africa",0.106263434567342,2030,0.0829028597120907,0.780163562843934,"country",NA
"Ghana","Western Africa",0.111303069269228,2030,0.0919043879403749,0.825712970395003,"country",NA
"Guinea","Western Africa",0.11848639175148,2030,0.103854938331573,0.876513638371262,"country",NA
"Guinea-Bissau","Western Africa",0.162761230680475,2030,0.131329871748985,0.80688669654265,"country",NA
"Kenya","Eastern Africa",0.0835861187924938,2030,0.0722509522531569,0.86438936628369,"country",NA
"Lesotho","Southern Africa",0.164840346107184,2030,0.152187616356614,0.923242518901639,"country",NA
"Liberia","Western Africa",0.0945107566315337,2030,0.0766942336111545,0.811486822713313,"country",NA
"Libya","Northern Africa",0.100463451527027,2030,0.0990803982876409,0.986233269727809,"country",NA
"Madagascar","Eastern Africa",0.157304703297435,2030,0.127889061568039,0.81300214734345,"country",NA
"Malawi","Eastern Africa",0.0979999446906833,2030,0.0715634676059607,0.730239877500299,"country",NA
"Mali","Western Africa",0.0861447849086608,2030,0.0804571422527918,0.933975775064043,"country",NA
"Mauritania","Western Africa",0.0772011832315856,2030,0.0630667918633738,0.816914835025107,"country",NA
"Mauritius","Eastern Africa",0.0706462405581084,2030,0.0520973675753967,0.737440055745716,"country",NA
"Morocco","Northern Africa",0.15576872815578,2030,0.138989480834542,0.892281027649803,"country",NA
"Mozambique","Eastern Africa",0.151390225210915,2030,0.142323430096864,0.94010977193924,"country",NA
"Namibia","Southern Africa",0.106777972219721,2030,0.0906915856515783,0.849347330411545,"country",NA
"Niger","Western Africa",0.0958376434241295,2030,0.090893667174394,0.94841300272946,"country",NA
"Nigeria","Western Africa",0.0798125062666619,2030,0.0617063542303974,0.773141417514569,"country",NA
"Northern Africa","Northern Africa",0.164472179332722,2030,0.136869628046697,0.832174952639342,"Northern Africa","Northern Africa"
"Rwanda","Eastern Africa",0.0830230408530636,2030,0.0757579195993341,0.912492710709218,"country",NA
"Sao Tome and Principe","Central Africa",0.101723658265552,2030,0.088947782932137,0.874406057044636,"country",NA
"Senegal","Western Africa",0.0898771644074722,2030,0.0698557919781415,0.777236269509342,"country",NA
"Seychelles","Eastern Africa",0.0852566672537841,2030,0.0607762448540879,0.712862076501007,"country",NA
"Sierra Leone","Western Africa",0.108145845219512,2030,0.0921770114196934,0.852339830833029,"country",NA
"Somalia","Eastern Africa",0.146833834750696,2030,0.133112766911779,0.906553773098596,"country",NA
"South Africa","Southern Africa",0.0891211527989475,2030,0.0566056472367639,0.6351538939859,"country",NA
"Southern Africa","Southern Africa",0.0934673507715645,2030,0.0615124538499763,0.658117014574571,"Southern Africa","Southern Africa"
"Sudan","Northern Africa",0.171451953084802,2030,0.135044386675055,0.787651492125382,"country",NA
"Swaziland","Southern Africa",0.131850648895182,2030,0.100353095703608,0.761111883365748,"country",NA
"Tanzania","Eastern Africa",0.0899404857332893,2030,0.0799018720483343,0.888386041023576,"country",NA
"The Gambia","Western Africa",0.106114263438405,2030,0.103917832945029,0.979301269949911,"country",NA
"Togo","Western Africa",0.111789877630157,2030,0.0968983980059374,0.866790447043104,"country",NA
"Tunisia","Northern Africa",0.0953958878777298,2030,0.0702243486406536,0.73613601385692,"country",NA
"Uganda","Eastern Africa",0.0866123202244106,2030,0.0721095698487154,0.832555572485313,"country",NA
"Western Africa","Western Africa",0.0901867543883181,2030,0.0734562135345757,0.814490043829434,"Western Africa","Western Africa"
"Zambia","Eastern Africa",0.128602868692713,2030,0.122104181565722,0.949467012726449,"country",NA
"Zimbabwe","Eastern Africa",0.117376739960287,2030,0.109535901815922,0.933199387314581,"country",NA
